fiscal_year,source_locator,major_no,major_title,item_no,proposal_text
2021,2021-01-01,1,行政の透明化推進と情報発信の充実強化,1,（仮称）公文書管理条例を策定し、デジタル化など公文書管理を徹底すること。また、公共施設再編と合わせた公文書館機能整備を行うこと。
2021,2021-01-02,1,行政の透明化推進と情報発信の充実強化,2,管理職の率先的庁内テレワークの推進及び意識改革研修。
2021,2021-01-03,1,行政の透明化推進と情報発信の充実強化,3,新しいネットワークの構築と端末の整備。
2021,2021-02-01,2,持続可能な行財政運営とコンプライアンスの徹底,1,学校給食公会計化実施に向けたタイムスケジュール構築。
2021,2021-03-01,3,「学びのチカラ日本一」に向けた学校教育環境の充実および地域・家庭との連携,1,修繕の追い付かない小学校体育館の建替えを含めた整備の計画年度内の確実な実施。
2021,2021-03-02,3,「学びのチカラ日本一」に向けた学校教育環境の充実および地域・家庭との連携,2,スクール・サポート・スタッフの配置が不充分なため、さらなる拡充。
2021,2021-03-03,3,「学びのチカラ日本一」に向けた学校教育環境の充実および地域・家庭との連携,3,オンライン学習双方向講座の推進。
2021,2021-04-01,4,すべての子どもと若者に夢とチャンスを,1,児童センターを活用した中高生の居場所支援の項目と予算を含んだ委託の実施。
2021,2021-04-02,4,すべての子どもと若者に夢とチャンスを,2,一部給付型奨学金の給付額の増額。
2021,2021-04-03,4,すべての子どもと若者に夢とチャンスを,3,外国ルーツの子どもと保護者に対する支援策の拡充。
2021,2021-05-01,5,社会全体で子育てを支えるまち,1,学習支援教室については、貧困の連鎖を断ち切り、子どもたちが将来に向けて自立の力を養えるよう、学習支援の充実をはかること。
2021,2021-05-02,5,社会全体で子育てを支えるまち,2,助産師や大学生などの外部人材を活用し、学校教育として「生と性の学習」を全校で実施すること。
2021,2021-05-03,5,社会全体で子育てを支えるまち,3,児童養護関係施設について、国の動向を踏まえた小規模化を進める際には、入所する子供たちや担い手の団体の状況を確認しながら進めること。
2021,2021-05-04,5,社会全体で子育てを支えるまち,4,北部児童相談所・一時保護所の新設。
2021,2021-06-01,6,「待機児童ゼロ」を目指した保育施設の拡充,1,認可保育園の整備促進と運営費補助並びに人件費補助の拡充。
2021,2021-06-02,6,「待機児童ゼロ」を目指した保育施設の拡充,2,認可外保育施設の安全性の拡充。
2021,2021-07-01,7,放課後児童クラブの施設、環境の充実,1,国の補助金を最大限活用した委託料の抜本的改革を行うこと。
2021,2021-07-02,7,放課後児童クラブの施設、環境の充実,2,放課後児童クラブについて、公有地、公有施設及び学校の余裕教室のさらなる活用促進。
2021,2021-07-03,7,放課後児童クラブの施設、環境の充実,3,放課後児童クラブ入室事務に関する保護者負担の軽減。
2021,2021-08-01,8,子どもの権利・健康・安全対策の拡充,1,「さいたまキッズな City 宣言」の普及・啓発活動の中間総括を踏まえた（仮称）子ども条例制定に向けた庁内検討の開始。
2021,2021-08-02,8,子どもの権利・健康・安全対策の拡充,2,通学路への防犯カメラの設置促進。
2021,2021-09-01,9,生涯に渡って学びたいときに学べる場の提供,1,公民館の事業費の増額、セキュリティーを考慮して、公民館全職員への端末の増設。
2021,2021-09-02,9,生涯に渡って学びたいときに学べる場の提供,2,公民館の Wi-Fi 全館設置。
2021,2021-10-01,10,歳を重ねても障害があっても地域で暮らせるまち,1,手話通訳者の養成を拡充し、専門職としての位置づけを明確にし、聴覚障害者の社会生活を保障すること。
2021,2021-10-02,10,歳を重ねても障害があっても地域で暮らせるまち,2,重度障害者日常生活用具給付事業における紙おむつの給付要件の緩和を行うこと。
2021,2021-11-01,11,地域医療体制の充実,1,医療用ウイッグの助成制度の創設等アピアランスの充実。
2021,2021-11-02,11,地域医療体制の充実,2,がん検診指針を踏まえた科学的根拠に基づくがん検診以外のがん検診にない市独自のがん検診の廃止を含めた検討。
2021,2021-11-03,11,地域医療体制の充実,3,若年者がん患者在宅ターミナルケア制度の創設。
2021,2021-11-04,11,地域医療体制の充実,4,病院における市内発熱者の屋外での対応について、簡易プレハブ等の設置を市として行うこと。
2021,2021-12-01,12,障害者医療・介護の充実と社会参加への支援,1,精神障害者アウトリーチ事業の拡大のための精神科医師の確保と１０区へのアウトリーチの拡大。
2021,2021-12-02,12,障害者医療・介護の充実と社会参加への支援,2,精神障害者福祉手帳２級所持者に対して、１級と同様に通院及び入院費用の早期の助成実現。
2021,2021-12-03,12,障害者医療・介護の充実と社会参加への支援,3,さいたま市立病院に総合心療科の初診外来および精神科の創設。
2021,2021-12-04,12,障害者医療・介護の充実と社会参加への支援,4,障害者政策委員会での検討状況を踏まえた手話言語・障害者コミュニケーション条例の策定。
2021,2021-12-05,12,障害者医療・介護の充実と社会参加への支援,5,ケアラー支援について関係条例設置や専門部署の設置（高齢・障害・児童・教育ほか部局横断）、各種支援策に着手また拡充すること。
2021,2021-12-06,12,障害者医療・介護の充実と社会参加への支援,6,在宅介護支援センターの機能見直しと、ケアラー支援専門の相談窓口開設。
2021,2021-13-01,13,貧困をなくすため生活困窮者への自立支援政策の強化・拡充,1,生活自立・仕事相談センターの機能強化と相談員の増員や待遇改善。また、相談者に対し住宅等の長期的対応をすること。
2021,2021-13-02,13,貧困をなくすため生活困窮者への自立支援政策の強化・拡充,2,ひとり親家庭の抱える困難を解決し、施策の効果を上げていくため、子どもの貧困調査結果を掘り下げたひとり親家庭の実態調査（対象者すべて）の実施とニーズに対応した施策の拡充。
2021,2021-14-01,14,産前・産後ケアに対する施策の充実,1,さいたま市委託業務である産婦新生児訪問、産後ケア事業についての委託契約金の値上げ。
2021,2021-14-02,14,産前・産後ケアに対する施策の充実,2,宿泊型産後ケア事業の推進にあたっては、利用家族が安心して経済的な負担を負うことなく、受託する助産院等も十分なケアが展開できるよう配慮すること。
2021,2021-14-03,14,産前・産後ケアに対する施策の充実,3,妊娠期から小学校入学前までの切れ目のない保健相談システムについては、保健部門と子育て支援部門への十分な人員配置を行い連携強化し、支援を充実させていくために、さいたま版ネウボラとしての拠点を整備すること。
2021,2021-15-01,15,誰もが健康で心豊かに文化・スポーツにふれあえるまち,1,文化芸術都市創造条例に基づき、東日本の玄関口としてふさわしい、市内外から多くの人が訪れる文化芸術の拠点整備。
2021,2021-15-02,15,誰もが健康で心豊かに文化・スポーツにふれあえるまち,2,民間力の活用による屋内スポーツ施設（スケートパーク等）の整備及びアーバンスポーツの推進。
2021,2021-15-03,15,誰もが健康で心豊かに文化・スポーツにふれあえるまち,3,障害者のスポーツ実施率（現在２０％）を１年後の目標７０％に近づけるための実施率向上の施策。
2021,2021-15-04,15,誰もが健康で心豊かに文化・スポーツにふれあえるまち,4,市内の障害者のスポーツ実施率の新規調査。
2021,2021-15-05,15,誰もが健康で心豊かに文化・スポーツにふれあえるまち,5,スポーツ文化関係の事業は、これまでの成果や効果を検証し、スクラップ＆ビルドを心がけること。
2021,2021-16-01,16,多様な個性・価値観と人権が尊重されるまち,1,市長公約「ダイバーシティとインクルージョン推進」を受けた、人種・民族および性的少数者等への差別禁止の条例化に向けた審議会設置。
2021,2021-16-02,16,多様な個性・価値観と人権が尊重されるまち,2,「多文化共生」担当の経済局から市民局への組織改編。
2021,2021-17-01,17,暴力を許さないドメスティック・バイオレンス対策の充実強化,1,ＤＶ被害者への安全確保と自立生活に向けた支援の充実については、民間シェルターへの支援充実と連携強化を図り、ひとり親家庭等への支援施策との連携強化を図ること。
2021,2021-18-01,18,エネルギーの地産地消の推進とみどり豊かな都市の創造,1,電力の入札評価に価格以外の再生可能エネルギー利用率や再生可能エネルギー利用量などの視点を評価する総合評価方式を取り入れること。
2021,2021-18-02,18,エネルギーの地産地消の推進とみどり豊かな都市の創造,2,再エネ 100 宣言 RE Action を進めていくためにも東日本連携等で広域的再生可能エネルギー電力供給 100％のまちづくりを目指す。
2021,2021-18-03,18,エネルギーの地産地消の推進とみどり豊かな都市の創造,3,SDGs の理念を生かし食品ロス削減に向けた「フードシェア・マイレージ」事業を全区で実施し、浸透させること。
2021,2021-19-01,19,災害時に命と暮らしをまもる地区防災力の強化向上,1,災害時要配慮者安全確保対策の要員として助産師が積極的に活動できるよう助産師会と担当部局との定期的な協議会の実施。
2021,2021-19-02,19,災害時に命と暮らしをまもる地区防災力の強化向上,2,内水氾濫を制御するため、水のうを利用した道路・公園等への一時貯留のモデル事業の実施。
2021,2021-20-01,20,暮らしを支える活力を生み出す交通体系の構築と都市基盤整備,1,自転車を活用したまちづくりを推進するための拠点施設「サイクルパーク」の整備。
2021,2021-20-02,20,暮らしを支える活力を生み出す交通体系の構築と都市基盤整備,2,まちづくりビジョン市民案を踏まえた西浦和駅周辺のまちづくりの更なる推進。
2021,2021-20-03,20,暮らしを支える活力を生み出す交通体系の構築と都市基盤整備,3,高齢者・障害者等の移動支援の拡充。
2021,2021-20-04,20,暮らしを支える活力を生み出す交通体系の構築と都市基盤整備,4,免許返納者への支援事業（タクシー券の配布やバスの無料券の配布など）。
2021,2021-20-05,20,暮らしを支える活力を生み出す交通体系の構築と都市基盤整備,5,エレベーターの整備可能な公民館１７館について、誰もが安心して利用できるバリアフリーな公民館を目指し、速やかにエレベーターの整備を完了させること。
2021,2021-20-06,20,暮らしを支える活力を生み出す交通体系の構築と都市基盤整備,6,市内鉄道（JR・東武・ニューシャトル）全駅におけるトイレ、エレベーターの設置及び駅の無人化解消に向けた対策を講じること。
2021,2021-20-07,20,暮らしを支える活力を生み出す交通体系の構築と都市基盤整備,7,国土交通省の踏切安全通行カルテや地元要望等に基づく危険な踏切の改良促進、及び乗馬踏切、工場裏踏切、末広踏切における改良道促進協議会を積極的に開催し、早急な安全対策の実施。
2021,2021-20-08,20,暮らしを支える活力を生み出す交通体系の構築と都市基盤整備,8,岩槻区の産業集積拠点・見沼区の（仮称）農業及び食の流通・観光産業拠点の整備に合わせて、国道１６号線の立体交差化の実施。
2021,2021-20-09,20,暮らしを支える活力を生み出す交通体系の構築と都市基盤整備,9,地下鉄７号線延伸に向けた事業として、空き家解消重点地区と建物解体補助制度の創設。
2021,2021-21-01,21,荒川や見沼田圃など水辺と緑地空間の保全・活用および公園、多目的広場の充実,1,荒川河川敷の公園群の回遊性を向上させ、日本有数の大規模都市公園として県内外に発信し、観光地化を推進すること。
2021,2021-21-02,21,荒川や見沼田圃など水辺と緑地空間の保全・活用および公園、多目的広場の充実,2,沼影県職員住宅跡地利用については、身近な公園の早期整備ができるよう埼玉県との協議を速やかに終えること。
2021,2021-21-03,21,荒川や見沼田圃など水辺と緑地空間の保全・活用および公園、多目的広場の充実,3,生産緑地問題については、そのエリアの特性に合わせて整理されていくよう努力すること。
2021,2021-21-04,21,荒川や見沼田圃など水辺と緑地空間の保全・活用および公園、多目的広場の充実,4,森林環境譲与税について、荒川流域など県内の他の自治体との間での連携・協力などの中で使用すること。
2021,2021-21-05,21,荒川や見沼田圃など水辺と緑地空間の保全・活用および公園、多目的広場の充実,5,途切れのないサイクリングロードの整備（元荒川右岸等）。
2021,2021-21-06,21,荒川や見沼田圃など水辺と緑地空間の保全・活用および公園、多目的広場の充実,6,宮ヶ谷塔に予定の屠畜場「道の駅」の環境アセスメントの実施。
2021,2021-22-01,22,さいたま市の特徴・強みを活かした経済活性化,1,設計労務単価の上昇が確実に建設労働者の賃金に反映したか実態を把握するため、市発注公共事業の建設労働者に支払われる賃金を抽出調査すること。
2021,2021-22-02,22,さいたま市の特徴・強みを活かした経済活性化,2,スポーツシューレに必要不可欠な宿泊・研修施設を備えた拠点整備に向けた検討。
2021,2021-22-03,22,さいたま市の特徴・強みを活かした経済活性化,3,周辺のまちづくりと連携した田島産業集積拠点の整備促進。
2021,2021-22-04,22,さいたま市の特徴・強みを活かした経済活性化,4,新しい働き方をデザインする超短時間雇用ＩＤＥＡモデルの研究とさいたま市での反映。
2021,2021-22-05,22,さいたま市の特徴・強みを活かした経済活性化,5,大宮駅東口の公共施設再編による跡地利用やＧＣＳ構想の早期実現。
2021,2021-22-06,22,さいたま市の特徴・強みを活かした経済活性化,6,「さいたまシティカップ」は廃止を含め、「サッカーのまちづくり」への貢献の視点から、抜本的な見直しを行うこと。
2021,2021-23-01,23,ユニバーサル農業の推進による、さいたま市ブランドを活かした都市農業の振興,1,学校給食における市内産野菜・米の地産地消率を向上させるため数値目標を設定すること。
2021,2021-24-01,24,議会の「見える化」の推進を,1,傍聴のできるキッズルーム、電動車椅子席の設置、及び傍聴席のバリアフリー化。
2022,2022-01-01,1,行政の透明化推進と情報発信の充実強化,1,指定管理者・外郭団体等も対象とする（仮称）公文書管理条例の策定と公共施設再編と合わせた公文書館機能を導入すること。
2022,2022-01-02,1,行政の透明化推進と情報発信の充実強化,2,保管場所の縮小・保存期間の延長や保存対象の拡大を行うため、歴史資料としてそれ自体に価値があると評価できる媒体を除いた上で紙とマイクロフィルムでの保管を原則中止、既存の資料をデジタル化、データでの保管に切り替えること。
2022,2022-01-03,1,行政の透明化推進と情報発信の充実強化,3,市史編さんに合わせて、資料を積極的に収集し、監修者を定め、その責任のもとで編さんすること。
2022,2022-02-01,2,持続可能な行財政運営とコンプライアンスの徹底,1,自治体ＤＸを推進し、ワンストップの市民まるごとオンライン相談窓口の設置すること。
2022,2022-02-02,2,持続可能な行財政運営とコンプライアンスの徹底,2,オープンデータの取り組みをさらに推進し、民間のアプリ開発や、研究を促す仕組みづくりを行うこと。
2022,2022-02-03,2,持続可能な行財政運営とコンプライアンスの徹底,3,桜区における生活保護費不正事件の全容解明のため、積極的に調査し、不正支給に関しては、ケースワークの管理体制を構築し、再発防止策を徹底すること。
2022,2022-02-04,2,持続可能な行財政運営とコンプライアンスの徹底,4,職員の「働き方改革」による業務大幅見直しをすること。
2022,2022-02-05,2,持続可能な行財政運営とコンプライアンスの徹底,5,ジェンダー平等に向けた推進体制の強化のために、人員を増加し、専管組織として所管課を設置するとともに、職員研修を充実させること。
2022,2022-03-01,3,「学びのチカラ日本一」に向けた学校教育環境の充実および地域・家庭との連携,1,学習支援のチャレンジスクールのオンライン実施を試験的に行うこと。
2022,2022-03-02,3,「学びのチカラ日本一」に向けた学校教育環境の充実および地域・家庭との連携,2,オンライン授業受講者を出席扱いとすること。それを実現するための関係機関への働きかけを行うなど環境整備をすること。
2022,2022-03-03,3,「学びのチカラ日本一」に向けた学校教育環境の充実および地域・家庭との連携,3,修繕の追い付かない学校施設の問題を根本的に解決するため、建替えを含めた整備を行うこと。
2022,2022-03-04,3,「学びのチカラ日本一」に向けた学校教育環境の充実および地域・家庭との連携,4,感染状況に応じて、スクール・サポート・スタッフを臨機応変に配置すること。
2022,2022-03-05,3,「学びのチカラ日本一」に向けた学校教育環境の充実および地域・家庭との連携,5,バリアフリー法改正を受けて学校トイレ・スロープ・エレベーターの設置を推進すること。
2022,2022-04-01,4,すべての子どもと若者に夢とチャンスを,1,児童センターを活用した中高生居場所支援の充実のため、次回の更新時に、事業内容と予算を含んだ指定管理を行うこと。
2022,2022-04-02,4,すべての子どもと若者に夢とチャンスを,2,外国ルーツの未就学児と保護者に対する支援策の創出と日本語指導コーディネーターの機能を拡充すること。
2022,2022-04-03,4,すべての子どもと若者に夢とチャンスを,3,市立特別支援学校（知的障害）を設置すること。
2022,2022-04-04,4,すべての子どもと若者に夢とチャンスを,4,特別支援学級の教育・療育内容をさらに充実させること。
2022,2022-05-01,5,社会全体で子育てを支えるまち,1,学習支援教室については、地域のニーズに合わせて教室の設置箇所を増やすなど支援の量と質・進路指導の充実をはかり、各種支援へとつなぐこと。
2022,2022-05-02,5,社会全体で子育てを支えるまち,2,不登校の児童・生徒に対しては、その数など地域特性に応じて、多様な教育の追求（広島県の「スペシャルサポートルーム」や宮城県「学び支援教室」などを参考とする事業の実施、フリースクールを利用する児童・生徒への助成制度の創設）、スクール・ソーシャル・ワーカーを加配する等、さまざまな社会資源の活用と関係機関との連携で児童・生徒に個別最適化された支援を行うこと。
2022,2022-05-03,5,社会全体で子育てを支えるまち,3,助産師や大学生などの外部人材を活用し、学校教育として包括的性教育を全校で実施すること。
2022,2022-05-04,5,社会全体で子育てを支えるまち,4,児童養護関係施設について、職員同士の相互チェックが働かなくなることで生じる虐待事案の発生を未然に防止する体制を整えない限り、安易に小規模化を進めないこと。
2022,2022-05-05,5,社会全体で子育てを支えるまち,5,北部児童相談所・一時保護所の新設について県有地を含めて検討すること。
2022,2022-05-06,5,社会全体で子育てを支えるまち,6,ＰＴＡからの寄附金等を軽減するよう本来公費で負担すべき学校運営費を算定するなど東京都の「義務教育学校運営費標準」を参考に設定すること。また、学校運営費の大幅な増額を図ること。
2022,2022-05-07,5,社会全体で子育てを支えるまち,7,放課後に学校以外の場で将来の自立に向けて生き抜く力を育む「子ども第三の居場所」を複数設置すること。
2022,2022-06-01,6,「待機児童ゼロ」を目指した保育施設の拡充,1,認可保育所の運営費補助において、離職率の評価を行い、人件費に限定した補助額を拡充すること。
2022,2022-07-01,7,放課後児童クラブの施設、環境の充実,1,国の補助金を最大限活用できる制度設計に切り替えるとともに、それによって運営ができなくなる施設を出さないため、配慮すること。
2022,2022-07-02,7,放課後児童クラブの施設、環境の充実,2,公有地、公有施設及び学校の余裕教室をさらに活用すること。
2022,2022-07-03,7,放課後児童クラブの施設、環境の充実,3,クラブ運営事務に関する保護者負担の軽減のために補助をすること。
2022,2022-07-04,7,放課後児童クラブの施設、環境の充実,4,Ｗｉ－Ｆｉ環境を整備すること。
2022,2022-08-01,8,子どもの権利・健康・安全対策の拡充,1,（仮称）子ども条例制定も視野に入れ、市民に意見聴取すること。
2022,2022-08-02,8,子どもの権利・健康・安全対策の拡充,2,通学路への防犯カメラを増設すること。
2022,2022-09-01,9,生涯に渡って学びたいときに学べる場の提供,1,公民館の事業費の増額、セキュリティーを考慮して、公民館全職員への端末の増設と公民館全館へのＷｉ－Ｆｉ設置をすること。
2022,2022-09-02,9,生涯に渡って学びたいときに学べる場の提供,2,東清掃事務所跡地への公民館を新設すること。
2022,2022-10-01,10,歳を重ねても障害があっても地域で暮らせるまち,1,手話通訳者の養成を拡充し、専門職としての位置づけを明確にし、聴覚障害者の社会生活を保障すること。
2022,2022-10-02,10,歳を重ねても障害があっても地域で暮らせるまち,2,「重度障害者の就労支援事業」に視覚障害者向けの同行支援や職場勤務を対象に含むなど制度拡充に取り組むこと。
2022,2022-11-01,11,地域医療体制の充実,1,新型コロナ感染再拡大への地域医療体制・保健所機能を強化すること。
2022,2022-11-02,11,地域医療体制の充実,2,自宅療養者へ食料支援及び訪問診療体制の確立をすること。
2022,2022-11-03,11,地域医療体制の充実,3,医療用ウイッグの助成制度の創設に対する検討内容及び助成制度に対する見解を明確にすること。
2022,2022-11-04,11,地域医療体制の充実,4,国のがん検診指針にない市独自のがん検診の廃止を含めて検討すること。
2022,2022-11-05,11,地域医療体制の充実,5,市が実施する地域医療政策は医師や医療機関の個別の登録制にし、それに基づいて事業を委託等すること。
2022,2022-12-01,12,障害者医療・介護の充実と社会参加への支援,1,精神障害者福祉手帳２級所持者に対して、１級と同様に通院及び入院費用の早期の助成を実現すること。
2022,2022-12-02,12,障害者医療・介護の充実と社会参加への支援,2,精神障害者２級手帳保持者のタクシー券を配布すること。
2022,2022-12-03,12,障害者医療・介護の充実と社会参加への支援,3,さいたま市立病院に総合心療科の初診外来および精神科を創設すること。
2022,2022-12-04,12,障害者医療・介護の充実と社会参加への支援,4,障害者政策委員会での検討状況を踏まえた手話言語・障害者コミュニケーション条例を策定すること。
2022,2022-12-05,12,障害者医療・介護の充実と社会参加への支援,5,ケアラー支援について関係条例設置や専門部署の設置（高齢・障害・児童・教育ほか部局横断）、相談窓口の設置。各種支援策に着手また拡充すること。
2022,2022-12-06,12,障害者医療・介護の充実と社会参加への支援,6,成年後見制度の利用促進に向け、市民後見人の養成および市民後見活動との連携強化を図ること。
2022,2022-13-01,13,貧困をなくすため生活困窮者への自立支援政策の強化・拡充,1,生活自立・仕事相談センターの機能強化と相談員の増員や待遇改善。また、相談者に対し住宅等の長期的対応をすること。
2022,2022-13-02,13,貧困をなくすため生活困窮者への自立支援政策の強化・拡充,2,ひとり親家庭の抱える問題を解決するため、児童扶養手当受給世帯の実態調査を行い、子どもの貧困対策アクションプランを策定すること。
2022,2022-13-03,13,貧困をなくすため生活困窮者への自立支援政策の強化・拡充,3,生活困窮者対策として福祉事務所のオンライン相談及び生活保護のオンライン申請を可能とすること。
2022,2022-13-04,13,貧困をなくすため生活困窮者への自立支援政策の強化・拡充,4,女性の生活困窮者支援として、生理の貧困対策を恒常的に行うこと。
2022,2022-14-01,14,産前・産後ケアに対する施策の充実,1,産婦新生児訪問事業・産後ケア訪問事業・思春期保健事業等の委託契約の増額、及び、産後ケア施設整備（助産院）等への助成をすること。
2022,2022-14-02,14,産前・産後ケアに対する施策の充実,2,産後ケア事業における利用者の自己負担軽減、及び、母乳相談無料券を配布すること。
2022,2022-14-03,14,産前・産後ケアに対する施策の充実,3,次世代育成・子育て支援の拠点・災害時の母子救護所を兼ね備えた家族入院のできるさいたま版ネウボラ（産前・産後ケアセンター）を設置すること。
2022,2022-14-04,14,産前・産後ケアに対する施策の充実,4,思いがけない妊娠や妊娠葛藤期のための相談窓口を市独自として設置すること。
2022,2022-14-05,14,産前・産後ケアに対する施策の充実,5,低出生体重で産まれた子とその家族のための母子手帳と併用できるリトルベビーハンドブックを導入すること。
2022,2022-14-06,14,産前・産後ケアに対する施策の充実,6,多胎児の現状調査と支援を拡大すること。
2022,2022-15-01,15,誰もが健康で心豊かに文化・スポーツにふれあえるまち,1,公共プールの再編と沼影市民プールの代替え地を検討すること。
2022,2022-15-02,15,誰もが健康で心豊かに文化・スポーツにふれあえるまち,2,文化芸術都市創造条例に基づき、東日本の玄関口としてふさわしい大宮のまちづくりの中で、多くの人が訪れ、文化芸術に触れる事のできる拠点を整備すること。
2022,2022-15-03,15,誰もが健康で心豊かに文化・スポーツにふれあえるまち,3,屋内スポーツ施設（スケートパーク等）の整備及びアーバンスポーツを推進すること。
2022,2022-15-04,15,誰もが健康で心豊かに文化・スポーツにふれあえるまち,4,市内の障害者スポーツ実施率の市独自の調査を行い、障害者のスポーツ実施率を令和７年度の目標値に近づけるための施策を実施すること。
2022,2022-16-01,16,多様な個性・価値観と人権が尊重されるまち,1,市長マニフェスト「人権尊重と多文化共生の地域社会を目指す」の具現化として、人種・民族差別禁止と被害相談・救済措置を盛り込んだ条例を制定すること。
2022,2022-16-02,16,多様な個性・価値観と人権が尊重されるまち,2,「多文化共生施策」での経済局と市民局が連携して取り組むこと。
2022,2022-16-03,16,多様な個性・価値観と人権が尊重されるまち,3,パートナーシップ宣誓制度の拡充としてファミリーシップ制度を導入すること。
2022,2022-17-01,17,あらゆる暴力の根絶と支援の強化,1,ＤＶ被害者への安全確保と自立生活に向けた支援の充実については、民間シェルター、ステップハウスへの支援を充実し、ひとり親家庭等への支援施策との連携強化を図ること。
2022,2022-17-02,17,あらゆる暴力の根絶と支援の強化,2,性暴力被害者支援を充実強化すること。
2022,2022-18-01,18,エネルギーの地産地消の推進とみどり豊かな都市の創造,1,電力の入札評価に価格以外の再生可能エネルギー利用率や再生可能エネルギー利用量などの視点を取入れた総合評価方式とすること。
2022,2022-18-02,18,エネルギーの地産地消の推進とみどり豊かな都市の創造,2,再エネ１００宣言 ＲＥ Ａｃｔｉｏｎにおける「広域的再生可能エネルギー電力供給１００％」を実現するため、東日本連携をシンカさせること。
2022,2022-19-01,19,災害時に命と暮らしをまもる地区防災力の強化向上,1,災害時要配慮者安全対策の要員として助産師が主体的に活動できるよう、さいたま市助産師会と協定を締結すること。
2022,2022-19-02,19,災害時に命と暮らしをまもる地区防災力の強化向上,2,内水氾濫を制御するためのやむを得ない状況に対応するため、水のうを利用した道路・公園等への一時貯留を行うための社会実験等を行うこと。
2022,2022-19-03,19,災害時に命と暮らしをまもる地区防災力の強化向上,3,避難所運営を通じた中学校における防災教育を推進すること。
2022,2022-19-04,19,災害時に命と暮らしをまもる地区防災力の強化向上,4,一時的に雨水の貯留量を増やすため、台風接近時に公園等の池の水の事前放流を行うこと。
2022,2022-20-01,20,暮らしを支える活力を生み出す交通体系の構築と都市基盤整備,1,自転車を活用したまちづくりを推進するための拠点施設「サイクルパーク」を整備すること。
2022,2022-20-02,20,暮らしを支える活力を生み出す交通体系の構築と都市基盤整備,2,西浦和駅周辺のまちづくりを推進すること。
2022,2022-20-03,20,暮らしを支える活力を生み出す交通体系の構築と都市基盤整備,3,免許返納者への支援事業（タクシー券の配布やバスの無料券の配布など）。
2022,2022-20-04,20,暮らしを支える活力を生み出す交通体系の構築と都市基盤整備,4,エレベーター設置可能な公民館について、整備年次計画を立て、速やかに整備を完了させること。
2022,2022-20-05,20,暮らしを支える活力を生み出す交通体系の構築と都市基盤整備,5,市内鉄道駅において無人化によってあらゆる人の移動の自由が制限されることのないよう常設のスロープの設置等を行うこと。
2022,2022-20-06,20,暮らしを支える活力を生み出す交通体系の構築と都市基盤整備,6,国土交通省の踏切安全通行カルテや地元要望等に基づく危険な踏切の改良促進、及び乗馬踏切、工場裏踏切、末広踏切における改良道促進協議会を積極的に開催し、早急な安全対策を実施すること。
2022,2022-20-07,20,暮らしを支える活力を生み出す交通体系の構築と都市基盤整備,7,産業集積拠点・（仮称）農業及び食の流通・観光産業拠点の整備に合わせて、国道１６号線の立体交差化など渋滞解消に向けて国に要望すること。
2022,2022-20-08,20,暮らしを支える活力を生み出す交通体系の構築と都市基盤整備,8,地下鉄７号線延伸に向け、成長目標である岩槻駅周辺の定住人口の目標値を確実に達成するため、新たな施策（空き家解消重点地区の設定と空き家解体補助制度の創設など）に取り組むこと。
2022,2022-20-09,20,暮らしを支える活力を生み出す交通体系の構築と都市基盤整備,9,市内バス廃止検討路線への補助金を支給すること。
2022,2022-20-10,20,暮らしを支える活力を生み出す交通体系の構築と都市基盤整備,10,コミュニティバスについて、地域のニーズがさらに高まっていることから、運賃、運行頻度、運行日などをより市民が利用しやすい形に改善するとともに、コミュニティバス等導入ガイドラインで定められる事業採算性などの点を地域の実情に即した形に改善すること。
2022,2022-20-11,20,暮らしを支える活力を生み出す交通体系の構築と都市基盤整備,11,都市計画道路において既存の歩道と新設の歩道が直接延伸できる場合に限り、部局を超えて他の計画や予算を弾力的に運用し、用地を取得、整備すること。
2022,2022-20-12,20,暮らしを支える活力を生み出す交通体系の構築と都市基盤整備,12,加３４排水路を整備すること。
2022,2022-21-01,21,荒川や見沼田圃など水辺と緑地空間の保全・活用および公園、多目的広場の充実,1,荒川河川敷の公園群の回遊性を向上させ、日本有数の大規模都市公園として県内外に発信し、観光地化を推進すること。
2022,2022-21-02,21,荒川や見沼田圃など水辺と緑地空間の保全・活用および公園、多目的広場の充実,2,河川に沿ったサイクリングロードの整備とネットワーク化を進めること。
2022,2022-21-03,21,荒川や見沼田圃など水辺と緑地空間の保全・活用および公園、多目的広場の充実,3,沼影県職員住宅跡地利用については、身近な公園の早期整備ができるよう埼玉県との協議を速やかに終えること。
2022,2022-21-04,21,荒川や見沼田圃など水辺と緑地空間の保全・活用および公園、多目的広場の充実,4,森林環境譲与税について、荒川流域など県内の他の自治体との間での連携・協力などの中で使用すること。
2022,2022-21-05,21,荒川や見沼田圃など水辺と緑地空間の保全・活用および公園、多目的広場の充実,5,猿花キャンプ場の「みんなのトイレ」の設置と設備の更新を行うこと。
2022,2022-22-01,22,さいたま市の特徴・強みを活かした経済活性化,1,スポーツシューレに必要不可欠な宿泊・研修施設を備えた拠点整備に向けた検討をすること。
2022,2022-22-02,22,さいたま市の特徴・強みを活かした経済活性化,2,周辺のまちづくりと連携した田島産業集積拠点の整備を促進すること。
2022,2022-22-03,22,さいたま市の特徴・強みを活かした経済活性化,3,新しい働き方をデザインする超短時間雇用ＩＤＥＡモデルの研究し、本市へ反映させること。
2022,2022-22-04,22,さいたま市の特徴・強みを活かした経済活性化,4,大宮駅東口の公共施設再編による跡地利用やＧＣＳ構想の早期に実現させること。
2022,2022-23-01,23,ユニバーサル農業の推進による、さいたま市ブランドを活かした都市農業の振興,1,学校給食における市内産野菜・米の地産地消率を向上させるため購入金額の割合を指定するなど数値目標を早急に設定すること。
2022,2022-24-01,24,議会の「見える化」の推進を,1,傍聴のできるキッズルーム、電動車椅子席の設置、及び傍聴席のバリアフリーを推進すること。
2022,2022-24-02,24,議会の「見える化」の推進を,2,緊急事態宣言時に委員会をオンラインで開催すること。
2023,2023-01-01,1,行政の透明化推進と情報発信の充実強化,1,（仮称）公文書管理条例を策定し、指定管理者・外郭団体等も対象とすること。
2023,2023-01-02,1,行政の透明化推進と情報発信の充実強化,2,公文書館機能を導入し、保管場所の縮小・保存期間の延長や保存対象の拡大を行うため、歴史資料としてそれ自体に価値があると評価できる媒体を除いた上で、紙とマイクロフィルムでの保管を原則中止し、既存の資料をデジタル化してデータでの保管に切り替えること。
2023,2023-01-03,1,行政の透明化推進と情報発信の充実強化,3,市史編さんにあたっては、科学的な歴史の知見を重視し、さまざまな立場から、公正な議論が行える環境を整えること。
2023,2023-02-01,2,持続可能な行財政運営とコンプライアンスの徹底,1,自治体ＤＸを推進し、ワンストップの市民まるごとオンライン相談窓口の設置をすること。
2023,2023-02-02,2,持続可能な行財政運営とコンプライアンスの徹底,2,職員の「働き方改革」による業務大幅見直しをするとともに、労働安全・衛生体制を充実すること。
2023,2023-02-03,2,持続可能な行財政運営とコンプライアンスの徹底,3,人権政策部を新設し、人権政策課（多文化共生を含む）とジェンダー平等推進課（ＬＧＢＴＱを含む）を設置すること。
2023,2023-02-04,2,持続可能な行財政運営とコンプライアンスの徹底,4,会計年度任用職員の人員配置及び処遇の改善に努めること。
2023,2023-02-05,2,持続可能な行財政運営とコンプライアンスの徹底,5,都市計画法違反、農地法違反に対処する措置を抜本的にとること。人員体制、組織の独立化、市民・事業者への周知・広報の充実、違反対応へのルールの明確化と法的措置の明確化を行うこと。
2023,2023-02-06,2,持続可能な行財政運営とコンプライアンスの徹底,6,ＰＴＡ等からの寄附の受け入れについては、任意加入団体であることの確認等、法令順守の徹底を図ること。また、現金寄附と区別ができないような学校協力金や学校振興費の受け入れについては禁止することを明確にし、学校運営費の大幅な増額を図ること。
2023,2023-02-07,2,持続可能な行財政運営とコンプライアンスの徹底,7,情報公開請求の際には、市民の個人情報の取り扱いに関するルールを徹底すること。
2023,2023-03-01,3,「学びのチカラ日本一」に向けた学校教育環境の充実および地域・家庭との連携,1,チャレンジスクールにおいて、地域の学習支援員によるオンライン実施を試験的に行うこと。
2023,2023-03-02,3,「学びのチカラ日本一」に向けた学校教育環境の充実および地域・家庭との連携,2,オンライン授業受講者を出席扱いとすること。それを実現するための関係機関への働きかけを行うなど環境整備をすること。
2023,2023-03-03,3,「学びのチカラ日本一」に向けた学校教育環境の充実および地域・家庭との連携,3,スクール・サポート・スタッフを臨機応変に配置すること。
2023,2023-03-04,3,「学びのチカラ日本一」に向けた学校教育環境の充実および地域・家庭との連携,4,バリアフリー法改正を受けて学校トイレ・スロープ・エレベーターの設置を推進すること。
2023,2023-03-05,3,「学びのチカラ日本一」に向けた学校教育環境の充実および地域・家庭との連携,5,市立学校の給食において、箸・スプーン等を用意すること。
2023,2023-03-06,3,「学びのチカラ日本一」に向けた学校教育環境の充実および地域・家庭との連携,6,学校施設の雨漏り箇所には年度内の改修を行うための予算を確保すること。
2023,2023-04-01,4,すべての子どもと若者に夢とチャンスを,1,児童・生徒１人１台のタブレットの貸与において、修理等で手元から離れる期間をなくすため代替機を確保すること。
2023,2023-04-02,4,すべての子どもと若者に夢とチャンスを,2,児童センターを活用した中高生居場所支援の充実、ヤングケアラー支援の視点も入れ次回の指定管理の更新時に、事業内容と予算を含んだ対応を行うこと。
2023,2023-04-03,4,すべての子どもと若者に夢とチャンスを,3,外国ルーツの未就学児と保護者に対する支援策の創出と日本語指導コーディネーターの機能を拡充すること。
2023,2023-04-04,4,すべての子どもと若者に夢とチャンスを,4,市立特別支援学校(知的障害)を設置すること。
2023,2023-04-05,4,すべての子どもと若者に夢とチャンスを,5,特別支援学級の教育・療育内容をさらに充実させること。
2023,2023-04-06,4,すべての子どもと若者に夢とチャンスを,6,小学校５年生、中学１年生への側弯症検査を実施すること。
2023,2023-05-01,5,社会全体で子育てを支えるまち,1,学習支援教室については、地域のニーズに合わせて教室の設置箇所を増やすなど支援の量と質・進路指導の充実をはかり、各種支援へとつなぐこと。
2023,2023-05-02,5,社会全体で子育てを支えるまち,2,助産師などの外部人材を活用し、学校教育として包括的性教育を全校で実施していくと同時に放課後児童クラブや若者自立支援ルーム等の多様な場においても同様に実施していくこと。
2023,2023-05-03,5,社会全体で子育てを支えるまち,3,放課後に学校以外の場で将来の自立に向けて生き抜く力を育む「子ども第三の居場所」を複数設置すること。
2023,2023-05-04,5,社会全体で子育てを支えるまち,4,非行少年の立ち直り支援として、資格取得に必要な学費の支援制度を創設すること。
2023,2023-05-05,5,社会全体で子育てを支えるまち,5,長期欠席児童生徒・フリースクール等の学校施設への支援制度の創設及び不登校特例校設置を検討すること。
2023,2023-05-06,5,社会全体で子育てを支えるまち,6,外部講師の活用など市立学校の文化部・運動部の活動の質の向上を図ること。
2023,2023-05-07,5,社会全体で子育てを支えるまち,7,一時保護所の新設を含め受け入れ可能な定員数を増やすこと。
2023,2023-05-08,5,社会全体で子育てを支えるまち,8,うるま市のこどもの貧困対策を参考に、個別支援計画を関係機関が共有しケースワークを行うことのできるスキームを作り、支援にあたること。
2023,2023-05-09,5,社会全体で子育てを支えるまち,9,ＳＳＷ（スクールソーシャルワーカー）を増員し、児童・生徒一人当たりの対応時間を十分確保し、支援を充実させること。
2023,2023-06-01,6,未就園児の通う施設の総合的な在り方と保育の質の向上,1,認可保育所の運営費補助において、離職率の評価を行い、人件費に限定した補助額を拡充すること。
2023,2023-06-02,6,未就園児の通う施設の総合的な在り方と保育の質の向上,2,医療的ケア児等の加配が必要なお子さんの受入人数や受入施設を増やすこと。
2023,2023-06-03,6,未就園児の通う施設の総合的な在り方と保育の質の向上,3,各園の保育士の配置人数や離職率を市として公表すること。
2023,2023-06-04,6,未就園児の通う施設の総合的な在り方と保育の質の向上,4,年間を通して変動する乳児保育利用に対して、担当保育士を安定的に確保し、年度途中入所のニーズに対応するため、乳児途中入所促進事業を実施すること。
2023,2023-06-05,6,未就園児の通う施設の総合的な在り方と保育の質の向上,5,特別な支援を必要とする園児やグレーゾーンの園児（障害者手帳無）に対する補助限度人数を、現行の１園３人から増員すること。
2023,2023-06-06,6,未就園児の通う施設の総合的な在り方と保育の質の向上,6,市の幼児教育に携わる人材（人財）を確保するため、保育士に支給されている「住宅手当」を幼稚園教諭に対しても支給すること。
2023,2023-07-01,7,放課後児童クラブの施設、環境の充実,1,公有地、公有施設及び学校の余裕教室をさらに活用すること。
2023,2023-07-02,7,放課後児童クラブの施設、環境の充実,2,クラブ運営事務に関する保護者負担の軽減のために補助をすること。
2023,2023-07-03,7,放課後児童クラブの施設、環境の充実,3,Ｗｉ－Ｆｉ環境を整備すること。
2023,2023-07-04,7,放課後児童クラブの施設、環境の充実,4,放課後児童クラブを担当する職員の人員増員を図ること。
2023,2023-07-05,7,放課後児童クラブの施設、環境の充実,5,待機児童が多くいる中で、４６人以上の規模の学童保育の委託料が減額される矛盾を解消すること。
2023,2023-07-06,7,放課後児童クラブの施設、環境の充実,6,大規模施設を分割整備するための予算を１３０万から増額すること。
2023,2023-08-01,8,子どもの権利・健康・安全対策の拡充,1,子どもの基本法の制定を受けて（仮称）子どもの権利条例を制定すること。
2023,2023-08-02,8,子どもの権利・健康・安全対策の拡充,2,通学路への防犯カメラを増設すること。
2023,2023-08-03,8,子どもの権利・健康・安全対策の拡充,3,予算を伴う「子ども未来議会」を開催すること。
2023,2023-09-01,9,生涯に渡って学びたいときに学べる場の提供,1,公民館の事業費の増額、セキュリティを考慮して、公民館全職員への端末の増設と公民館全館へのＷｉ－Ｆｉ設置、オンライン講座のためのスタンドアローン型端末を配備すること。
2023,2023-09-02,9,生涯に渡って学びたいときに学べる場の提供,2,エレベーター設置可能な公民館について、整備年次計画を立て、速やかに整備を完了させること。
2023,2023-09-03,9,生涯に渡って学びたいときに学べる場の提供,3,住民要望を踏まえて、東清掃事務所跡地への公民館を新設すること。
2023,2023-09-04,9,生涯に渡って学びたいときに学べる場の提供,4,市内のコミュニティーセンター全室Ｗｉ－Ｆｉが使用出来る設備改善及び音響やプロジェクターの交換を行うこと。
2023,2023-10-01,10,歳を重ねても障害があっても地域で暮らせるまち,1,手話通訳者の養成を拡充し、専門職としての位置づけを明確にし、聴覚障害者の社会生活を保障すること。
2023,2023-10-02,10,歳を重ねても障害があっても地域で暮らせるまち,2,手話言語条例を包含したコミュニケーション条例の早期設定すること。
2023,2023-10-03,10,歳を重ねても障害があっても地域で暮らせるまち,3,「重度障害者の就労支援事業」に通勤や職場等における支援を対象に含むなどの制度拡充に取り組むこと。
2023,2023-10-04,10,歳を重ねても障害があっても地域で暮らせるまち,4,庁舎内および庁舎につながる道路・通路の点字ブロック整備の拡充を早期に行うこと。
2023,2023-10-05,10,歳を重ねても障害があっても地域で暮らせるまち,5,公共施設のみんなのトイレには大型ベッドを採用すること。
2023,2023-11-01,11,地域医療体制の充実,1,新型コロナ感染再拡大への地域医療体制・保健所機能を強化すること。
2023,2023-11-02,11,地域医療体制の充実,2,がんになっても自分らしく生きられるように、がん治療と就労・社会参加を両立するための支援、及び、舗装具購入に伴う経済的負担を軽減するための補助を行うこと。
2023,2023-12-01,12,障害者医療・介護の充実と社会参加への支援,1,精神障害者福祉手帳２級所持者に対して、１級と同様に通院及び入院費用の早期の助成を実現すること。
2023,2023-12-02,12,障害者医療・介護の充実と社会参加への支援,2,精神障害者へのアウトリーチの拠点を２区から全区へすること。
2023,2023-12-03,12,障害者医療・介護の充実と社会参加への支援,3,さいたま市立病院に総合心療科の初診外来および精神科を創設すること。
2023,2023-12-04,12,障害者医療・介護の充実と社会参加への支援,4,ケアラー支援についての周知と支援策を充実させ確実に実施すること。
2023,2023-12-05,12,障害者医療・介護の充実と社会参加への支援,5,成年後見制度の利用促進に向け、市民後見人の養成の拡充および市民後見団体や関係機関との連携強化を図ること。
2023,2023-13-01,13,貧困をなくすため生活困窮者への自立支援政策の強化・拡充,1,ひとり親家庭の抱える問題を解決するため、児童扶養手当受給世帯の悉皆調査を行い、子どもの貧困対策アクションプランを策定すること。
2023,2023-13-02,13,貧困をなくすため生活困窮者への自立支援政策の強化・拡充,2,女性の生活困窮者支援として、生理の貧困対策を恒常的に行うこと。
2023,2023-13-03,13,貧困をなくすため生活困窮者への自立支援政策の強化・拡充,3,困難な問題を抱える女性への支援法に基づき、相談員の増員、処遇の改善など実効性ある支援策を着実に実施すること。
2023,2023-13-04,13,貧困をなくすため生活困窮者への自立支援政策の強化・拡充,4,児童虐待や家庭不和などで帰宅をのぞまない若年女性に特化したシェルター創設と生活・就職支援などの相談窓口の新設すること。
2023,2023-13-05,13,貧困をなくすため生活困窮者への自立支援政策の強化・拡充,5,養育費相談支援センターを設置すること。
2023,2023-13-06,13,貧困をなくすため生活困窮者への自立支援政策の強化・拡充,6,再犯防止対策として、明石市更生支援等及び再犯防止等に関する条例を参考に条例制定の検討及び個々の特性に応じた総合的支援に取り組むこと。
2023,2023-14-01,14,産前・産後ケアに対する施策の充実,1,産婦新生児訪問事業・産後ケア訪問事業・思春期保健事業等の委託契約の増額、及び、産後ケア施設整備（助産院）等への助成をすること。
2023,2023-14-02,14,産前・産後ケアに対する施策の充実,2,産後ケア事業における利用者の自己負担軽減、及び、子育て応援券を配布すること。
2023,2023-14-03,14,産前・産後ケアに対する施策の充実,3,次世代育成・子育て支援の拠点・災害時の母子救護所を兼ね備えた家族入院のできるさいたま版ネウボラ(産前・産後ケアセンター)を設置すること。
2023,2023-14-04,14,産前・産後ケアに対する施策の充実,4,低出生体重や発達障害で産まれた子とその家族のための母子手帳と併用できるリトルベビーハンドブックを導入すること。
2023,2023-14-05,14,産前・産後ケアに対する施策の充実,5,多胎児の現状調査と家事・育児支援を実施すること。
2023,2023-14-06,14,産前・産後ケアに対する施策の充実,6,思いがけない妊娠など女性が困難を抱えたときの相談できる窓口として、市独自にユースクリニックを創設すること。
2023,2023-15-01,15,誰もが健康で心豊かに文化・スポーツにふれあえるまち,1,文化芸術都市創造条例に基づき、東日本の玄関口としてふさわしい大宮駅周辺に美術館を整備すること。
2023,2023-15-02,15,誰もが健康で心豊かに文化・スポーツにふれあえるまち,2,屋内スポーツ施設（スケートパーク等）の整備及びアーバンスポーツを推進すること。
2023,2023-15-03,15,誰もが健康で心豊かに文化・スポーツにふれあえるまち,3,障害者のスポーツ実施率の目標値を達成するための施策を着実に実施すること。
2023,2023-15-04,15,誰もが健康で心豊かに文化・スポーツにふれあえるまち,4,サッカーのまち「さいたま」にふさわしい、誰もが気軽に個人としてサッカーの練習ができる場を設けること。
2023,2023-16-01,16,多様な個性・価値観と人権が尊重されるまち,1,市長マニフェスト「人権尊重と多文化共生の地域社会を目指す」の具現化として、差別の実態調査を行い、人種・民族差別禁止と被害相談・救済措置を盛り込んだ条例を制定すること。
2023,2023-16-02,16,多様な個性・価値観と人権が尊重されるまち,2,困難を抱える女性の支援体制の整備、男女共同参画の着実な推進、ＬＧＢＴＱパートナーシップ制度の着実な実施に向けて、新たなジェンダー平等推進課を設置すること。
2023,2023-16-03,16,多様な個性・価値観と人権が尊重されるまち,3,パートナーシップ宣誓制度の登録制度への見直しとファミリーシップ制度を導入すること。
2023,2023-17-01,17,あらゆる暴力の根絶と支援の強化,1,ＤＶ被害者への安全確保と自立生活に向けた支援の充実については、民間シェルター、ステップハウスへの支援を充実し、ひとり親家庭等への支援施策との連携強化を図ること。
2023,2023-17-02,17,あらゆる暴力の根絶と支援の強化,2,性暴力被害者等支援条例を制定し、より具体的な支援策を講じること。特に、性暴力やセクシャルハラスメントを行った者を、学校に加えて児童関連施設等で採用しない仕組みをつくり、被害者の立場に立った相談窓口を最適な場所へ新設すること。
2023,2023-18-01,18,エネルギーの地産地消の推進と みどり豊かな都市の創造,1,衛生協力助成金の上限を引き上げること。
2023,2023-18-02,18,エネルギーの地産地消の推進と みどり豊かな都市の創造,2,ごみ減量化のため、家庭ごみにおける植物系ごみの分別とたい肥化を行うこと。
2023,2023-18-03,18,エネルギーの地産地消の推進と みどり豊かな都市の創造,3,市民環境会議や市民気候会議を設置すること。
2023,2023-18-04,18,エネルギーの地産地消の推進と みどり豊かな都市の創造,4,一般家庭や駐車場向けの雨水浸透桝・トレンチ補助制度を創設すること。
2023,2023-19-01,19,災害時に命と暮らしをまもる地区防災力の強化向上,1,避難所運営を通じた中学校における防災教育を継続・拡充すること。
2023,2023-19-02,19,災害時に命と暮らしをまもる地区防災力の強化向上,2,災害時要配慮者安全対策要員として助産師のみなさんに協力を得ながら、妊産婦及び小さい子どもを持つ親子に特化した要配慮者優先避難場所を創設すること。
2023,2023-19-03,19,災害時に命と暮らしをまもる地区防災力の強化向上,3,避難所となる小学校を含めた学校体育館等へのエアコン（空調設備）等を早期に全校へ設置すること。
2023,2023-19-04,19,災害時に命と暮らしをまもる地区防災力の強化向上,4,エレベーター設置可能な公民館について、整備年次計画を立て、速やかに整備を完了させること。
2023,2023-20-01,20,暮らしを支える交通体系の構築,1,自転車を活用したまちづくりを推進するための拠点施設「サイクルパーク」を整備すること。
2023,2023-20-02,20,暮らしを支える交通体系の構築,2,西浦和駅周辺のまちづくり方針に基づいて事業を着実に推進すること。
2023,2023-20-03,20,暮らしを支える交通体系の構築,3,高齢者・障害者・妊産婦等へのバス無料券配布などの支援を行うこと。
2023,2023-20-04,20,暮らしを支える交通体系の構築,4,市内鉄道駅において無人化によってあらゆる人の移動の自由が制限されることのないよう常設のスロープの設置等を行うこと。
2023,2023-20-05,20,暮らしを支える交通体系の構築,5,慢性化している東西交通の渋滞解消とまちづくりの更なる促進のため、東西交通大宮ルートを早期に実現すること。さらに国土交通省において概略ルート及び構造の検討が進んでいる「核都市広域幹線道路（埼玉新都心線～東北道付近）」を実現するべく、国、県と連携して事業推進を図ること。そして、地域交通におけるモビリティの変化を踏まえ、自動運転技術の実証実験の積極的な実施や導入検討などを行うこと。
2023,2023-21-01,21,活力を生み出す都市基盤整備,1,荒川河川敷の公園郡の回遊性を向上させ、秋ヶ瀬公園内に野外音楽堂やキャンプ場を整備し、日本有数の大規模都市公園として県内外に発信し、観光地化を推進すること。
2023,2023-21-02,21,活力を生み出す都市基盤整備,2,河川に沿ったサイクリングロードの整備とネットワーク化を進めること。
2023,2023-21-03,21,活力を生み出す都市基盤整備,3,地下鉄７号線延伸に向けた中間駅まちづくりにおいて、木の伐採を最小限に抑えつつ、樹林地を活用した公園等の施設整備を行うこと。
2023,2023-21-04,21,活力を生み出す都市基盤整備,4,土地収用制度の積極的な活用のため、収用手続きへの移行に関して、さいたま市としてのルールを明確にし、まちづくりの加速化を図ること。
2023,2023-22-01,22,さいたま市の特徴・強みを活かした経済活性化,1,西浦和駅周辺のまちづくりと連携した田島産業集積拠点の整備を促進すること。
2023,2023-22-02,22,さいたま市の特徴・強みを活かした経済活性化,2,県有地である衛生研究所跡地の利活用について、地域の活性化に寄与するさいたまスポーツシューレの拠点施設整備を視野に入れて埼玉県との協議を積極的に進めること。
2023,2023-22-03,22,さいたま市の特徴・強みを活かした経済活性化,3,新しい働き方をデザインする障害者のための超短時間雇用モデルのさいたま市で導入すること。
2023,2023-22-04,22,さいたま市の特徴・強みを活かした経済活性化,4,大宮駅東口の公共施設再編による跡地利用やＧＣＳ構想を早期に実現させること。
2023,2023-22-05,22,さいたま市の特徴・強みを活かした経済活性化,5,市内中小企業の男女共同参画に関する事業所調査を行うこと。
2023,2023-22-06,22,さいたま市の特徴・強みを活かした経済活性化,6,労働者協同組合の相談・支援窓口をつくること。
2023,2023-23-01,23,ユニバーサル農業の推進による、さいたま市ブランドを活かした都市農業の振興,1,６次産業化と農業ＤＸの推進を図るとともに、新規就農者の日々の出荷先の確保を支援すること。
2023,2023-23-02,23,ユニバーサル農業の推進による、さいたま市ブランドを活かした都市農業の振興,2,許可の取り消し、原状回復命令等の権限を行使し、積極的に農地の適正化につとめ、部局連携を強化しつつ、搬入の続く土砂に関しては早急に土砂搬入禁止区域を設定すること。
2023,2023-24-01,24,議会の「見える化」の推進を,1,傍聴のできるキッズルーム、電動車椅子席の設置、及び傍聴席のバリアフリーを推進すること。
2023,2023-24-02,24,議会の「見える化」の推進を,2,ＳＮＳの活用や子どもが読みやすいページの作成等議会情報の発信を強化すること。
2023,2023-24-03,24,議会の「見える化」の推進を,3,議員の個人のオンライン環境を整えること。
2023,2023-24-04,24,議会の「見える化」の推進を,4,災害や感染症の発生等の委員会の開催場所への参集が困難と判断される場合、妊娠・出産・育児・疾病・介護・看護等も開催すること。
2024,2024-01-01,1,『誰ひとり取り残さない』視点での施策展開,1,市長マニフェスト「人権尊重と多文化共生の地域社会を目指す」のシンカを図るため、さいたま市独自で差別事案の実態把握に努めるとともに、相模原市の（仮称）人権尊重のまちづくり条例制定に向けた答申等を参照し、条例を制定すること。
2024,2024-01-02,1,『誰ひとり取り残さない』視点での施策展開,2,困難な問題を抱える女性への支援に関する法律の施行にあたり、市民周知を徹底し、関係する部局と十分に連携した相談員体制の質的・量的強化を図ること。
2024,2024-01-03,1,『誰ひとり取り残さない』視点での施策展開,3,子どもや若者を対象とする議会を創設すること。
2024,2024-01-04,1,『誰ひとり取り残さない』視点での施策展開,4,働き方改革の推進に向けて、会計年度任用職員等の処遇改善と職員の増員を図ること。
2024,2024-02-01,2,市政の透明化・情報発信強化と市民参画の推進,1,現在の文書規則の対象外である市の外郭団体や指定管理を受けている団体の保有文書も対象とする公文書管理の条例の制定に向けた取り組みを行うこと。
2024,2024-02-02,2,市政の透明化・情報発信強化と市民参画の推進,2,永年保存の歴史資料についても、「市民共有の知的資源」として、適切な選定及び公開の権利の充実に向けた法令整備を図ること。
2024,2024-02-03,2,市政の透明化・情報発信強化と市民参画の推進,3,歴史資料ついては、それ自体に価値があると評価できる資料を除き、紙とマイクロフィルムでの保管から既存の資料をデジタル化し、保管するよう検討を進めること。
2024,2024-02-04,2,市政の透明化・情報発信強化と市民参画の推進,4,教職員が受けた相談内容等については、ガイドラインを作成し、記録に残すこと。
2024,2024-02-05,2,市政の透明化・情報発信強化と市民参画の推進,5,パブリックコメントを行う事業に関して、オンライン説明会を開催すること。
2024,2024-02-06,2,市政の透明化・情報発信強化と市民参画の推進,6,子どもの提案制度は、子どもたちにわかりやすい情報の発信とし、対象年齢とオンライン申請の時間を拡大すること。
2024,2024-03-01,3,事業等の見直しによる新たな財源確保,1,郵便局証明書等発行事務事業を廃止すること。
2024,2024-03-02,3,事業等の見直しによる新たな財源確保,2,長寿祝金の支給の在り方を見直し、健康寿命延伸策実施に向けた検討を行うこと。
2024,2024-03-03,3,事業等の見直しによる新たな財源確保,3,各事業を開催するにあたり、ホームページ等に事業経費を記載すること。
2024,2024-03-04,3,事業等の見直しによる新たな財源確保,4,利用者の利便性向上とまちの賑わい創出を図るために、公共施設等でキッチンカーの出店を推進すること。
2024,2024-03-05,3,事業等の見直しによる新たな財源確保,5,ふるさと納税を活用した学校への寄付制度について、広く周知徹底を図ること。
2024,2024-04-01,4,すべての子どもに学びと成長の機会充実,1,スクール・サポート・スタッフの全校配置及び大規模校に増員を図ること。
2024,2024-04-02,4,すべての子どもに学びと成長の機会充実,2,スクールソーシャルワーカーを増員し、児童・生徒一人当たりの対応時間をこれまで以上に増やすこと。
2024,2024-04-03,4,すべての子どもに学びと成長の機会充実,3,スクールカウンセラーが児童・生徒や保護者からの相談を十分に受けらえるようにし、教員の職場における人間関係及びマネジメント上の悩みも相談できるよう増員を図ること。
2024,2024-04-04,4,すべての子どもに学びと成長の機会充実,4,スクールアシスタントの増員を図ること。
2024,2024-04-05,4,すべての子どもに学びと成長の機会充実,5,外国ルーツの児童・生徒と保護者に対する初期対応を含む支援策の充実と日本語指導コーディネーターの機能を拡充すること。
2024,2024-04-06,4,すべての子どもに学びと成長の機会充実,6,学校における医療的ケア児の学習や体験を保障するため、訪問看護事業所等と連携を強化し、校外学習時も含めて看護師の派遣を可能にすること。
2024,2024-04-07,4,すべての子どもに学びと成長の機会充実,7,栄養士、栄養教諭の献立作成の負担軽減の為に栄養計算ソフトを導入すること。
2024,2024-04-08,4,すべての子どもに学びと成長の機会充実,8,フリースクール協議会の協議会と議事録を公開すること。
2024,2024-04-09,4,すべての子どもに学びと成長の機会充実,9,フリースクールの出席扱いについてガイドラインを作成すること。
2024,2024-04-10,4,すべての子どもに学びと成長の機会充実,10,フリースクールに通う児童・生徒への経済的負担を軽減すること。
2024,2024-04-11,4,すべての子どもに学びと成長の機会充実,11,小学校体育館、学校図書館（読書室）と特別教室へのエアコンを設置すること
2024,2024-04-12,4,すべての子どもに学びと成長の機会充実,12,学校図書館の蔵書基準数が収納でき、本のサイズに合った本棚を設置すること。
2024,2024-04-13,4,すべての子どもに学びと成長の機会充実,13,再編する県立高等学校跡地活用に関しては、不登校特例校や夜間中学の設置等を含めて、県と協議を行うこと。
2024,2024-04-14,4,すべての子どもに学びと成長の機会充実,14,児童・生徒１人１台のタブレットの貸与において、修理等で手元から離れる期間をなくすため、代替機の十分な数を確保すること。
2024,2024-04-15,4,すべての子どもに学びと成長の機会充実,15,助産師等の外部人材を活用した思春期保健事業（包括的性教育）を全中学校で実施し、教育委員会と協働し計画的、年次的に進めること。また、放課後児童クラブや若者自立支援ルーム等の多様な場においても包括的性教育を実施すること。
2024,2024-04-16,4,すべての子どもに学びと成長の機会充実,16,外部講師を活用し、小中高校におけるワークルール教育を実施すること。
2024,2024-05-01,5,社会全体で子どもと若者を支えるまち,1,子ども基本法の制定を受け、子どもの権利条例の制定に向け、当事者の意見聴取や有識者の議論を行うこと。
2024,2024-05-02,5,社会全体で子どもと若者を支えるまち,2,川西市の「子どもの人権オンブズパーソン」を参考に、子どもの当事者性を尊重する機関を設置すること。
2024,2024-05-03,5,社会全体で子どもと若者を支えるまち,3,児童相談所の子どもの適切な保護のために、明石市の事例を参考に第三者委員会を設置すること。また、意見表明支援員を配置すること。
2024,2024-05-04,5,社会全体で子どもと若者を支えるまち,4,ケアラー支援条例を周知徹底し、本人がケアラー・ヤングケアラーだと認識できるようにすること。
2024,2024-05-05,5,社会全体で子どもと若者を支えるまち,5,若者の性被害、特に未成年の望まない妊娠出産・中絶をなくすため、保健師・助産師と連携し、若者参加によるピアサポート・相談する場を設置すること。
2024,2024-05-06,5,社会全体で子どもと若者を支えるまち,6,プレイパークの設置とプレイワーカーの育成支援に向けてガイドラインを作成すること。
2024,2024-05-07,5,社会全体で子どもと若者を支えるまち,7,公共施設を活用して、長期欠席児童生徒を含めた子どもたち・若者の居場所の設置をすること。
2024,2024-05-08,5,社会全体で子どもと若者を支えるまち,8,各園の保育士や保育士以外の職種の配置人数、勤続年数の公表をすること。
2024,2024-05-09,5,社会全体で子どもと若者を支えるまち,9,加配対象保育士や支援員の年間の継続的な雇用制度の創設をすること。
2024,2024-05-10,5,社会全体で子どもと若者を支えるまち,10,保育士宿舎借り上げ支援事業の対象者を拡充し、幼稚園教諭や児童養護施設等の児童福祉施設に勤務する保育士も加えること。
2024,2024-06-01,6,子育て世代に行き届く支援体制の構築,1,産前・産後ケアセンターの設置と産後ケア実施助産所を増やすために施設整備費の補助をすること。
2024,2024-06-02,6,子育て世代に行き届く支援体制の構築,2,産後ケア事業、子育てヘルパー制度を希望する全ての家族が利用できるようにすること。
2024,2024-06-03,6,子育て世代に行き届く支援体制の構築,3,母乳相談を希望する方の自己負担を軽減すること。
2024,2024-06-04,6,子育て世代に行き届く支援体制の構築,4,未就学児と保護者の支援のために、子育て支援センターや地域子育て支援拠点を拡充すること。
2024,2024-06-05,6,子育て世代に行き届く支援体制の構築,5,保育施設でオムツのサブスクリプション（月額定額使い放題）の導入をすすめること。
2024,2024-06-06,6,子育て世代に行き届く支援体制の構築,6,放課後児童クラブの家賃補助について、地域事情にあった制度改善を図ること。
2024,2024-06-07,6,子育て世代に行き届く支援体制の構築,7,放課後児童クラブの Wi-Fi 環境を整備すること。
2024,2024-06-08,6,子育て世代に行き届く支援体制の構築,8,放課後児童クラブの支援員募集について、就職説明会等を実施すること。
2024,2024-06-09,6,子育て世代に行き届く支援体制の構築,9,放課後児童クラブ運営事務に関する保護者負担の軽減するため、委託契約説明時の資料と動画等の情報公開をし、各種制度の利用を高めること。
2024,2024-06-10,6,子育て世代に行き届く支援体制の構築,10,保育施設や放課後児童クラブ等に通う外国ルーツの子どもの保護者やその施設に対し、情報共有やコミュニケーションの困難を解消すること。
2024,2024-06-11,6,子育て世代に行き届く支援体制の構築,11,子どもがいる離婚前の家族に対して市営住宅へ入居を可能とすること。
2024,2024-07-01,7,すべての市民の健康増進と福祉向上,1,失語症者への意思疎通支援に関するニーズの把握と養成講習会の拡充、意思疎通支援者派遣事業を創設すること。
2024,2024-07-02,7,すべての市民の健康増進と福祉向上,2,保健センターにおいて、多言語対応するための機器導入等で現場の負担を軽減すること。
2024,2024-07-03,7,すべての市民の健康増進と福祉向上,3,指定難病及び小児慢性の医療受給者証継続申請手続きをマイナンバーカードと連携し、電子申請等の手続きを簡素化すること。
2024,2024-07-04,7,すべての市民の健康増進と福祉向上,4,ＨＰＶセルフチェック検査の導入と男性ＨＰＶワクチン接種の助成をすること。
2024,2024-07-05,7,すべての市民の健康増進と福祉向上,5,社会参加推進センター事業を強化し、障害者団体間の交流や当事者の社会参加を支援すること。
2024,2024-07-06,7,すべての市民の健康増進と福祉向上,6,福祉まるごと相談窓口における消費者被害の相談について積極的に周知すること。
2024,2024-07-07,7,すべての市民の健康増進と福祉向上,7,障害者等が地域で生活するため、グループホームの家賃補助を拡充すること。
2024,2024-08-01,8,持続可能な働き方と経済成長の実現,1,民間企業等経験者採用枠を利用して、非正規職員から正規職員へ採用枠の拡大を図ること。
2024,2024-08-02,8,持続可能な働き方と経済成長の実現,2,障害者等のための超短時間雇用モデルをさいたま市で導入すること。
2024,2024-08-03,8,持続可能な働き方と経済成長の実現,3,相談業務従事者や学校図書館司書等、専門性が求められる職員の処遇改善を図ること。
2024,2024-08-04,8,持続可能な働き方と経済成長の実現,4,歴史資源を観光・経済の視点で活用すること。
2024,2024-08-05,8,持続可能な働き方と経済成長の実現,5,まつり等への補助金は物価高等を考慮すること。
2024,2024-08-06,8,持続可能な働き方と経済成長の実現,6,さいたま市融資制度の実施を継続するにあたり、創業支援の強化等政策目的を明確化すること。
2024,2024-08-07,8,持続可能な働き方と経済成長の実現,7,公契約のもとで働く現場労働者の賃金水準を市独自に把握し、設計労務単価を適切に設定すること。
2024,2024-09-01,9,『人生１００年時代』の学びとコミュニティーの充実,1,公民館の社会教育の充実のため専門職を配置すること。
2024,2024-09-02,9,『人生１００年時代』の学びとコミュニティーの充実,2,社会教育事業の充実のため、公民館の事業費を増額すること。
2024,2024-09-03,9,『人生１００年時代』の学びとコミュニティーの充実,3,地域で孤立している方や生きづらい方への公民館等の公共施設を利用した居場所づくりを推進すること。
2024,2024-09-04,9,『人生１００年時代』の学びとコミュニティーの充実,4,公民館全館への Wi-Fi 設置に向け、中規模修繕・大規模改修を行う際に、地区公民館で整備すること。
2024,2024-09-05,9,『人生１００年時代』の学びとコミュニティーの充実,5,誰もが安心して公民館活動が行えるよう、エレベーター設置が可能な地区公民館の改修を早期に完了させること。
2024,2024-09-06,9,『人生１００年時代』の学びとコミュニティーの充実,6,市主催の手話通訳者養成講座等を開催する際に、託児を可能とする等受講者の参加拡大を図ること。
2024,2024-10-01,10,脱炭素・循環型社会とみどり豊かな都市の創造,1,市民気候会議のモデル事業を市内で開始すること。
2024,2024-10-02,10,脱炭素・循環型社会とみどり豊かな都市の創造,2,市街化調整区域にヤードを乱立させないため住宅等から２００ｍ離し、静脈産業の集積拠点を整備すること。
2024,2024-10-03,10,脱炭素・循環型社会とみどり豊かな都市の創造,3,再生資源物の屋外保管に関する条例は、立地・構造基準に関しても経過措置を設け確実に適用させ、政策効果を高めるため指導・勧告を受けても改善されない場合は、保管事業の一時停止を行うことに加えて、搬入するドライバーにも罰則を科すこと。
2024,2024-10-04,10,脱炭素・循環型社会とみどり豊かな都市の創造,4,土砂のたい積等の規制に関する条例を改正し、無許可でのたい積行為を防止するため、警戒区域等を定め、即時に警察が行為の停止、区域からの排除等が行えるようにすること。
2024,2024-10-05,10,脱炭素・循環型社会とみどり豊かな都市の創造,5,有機農業の新規就農者の支援を図ること。
2024,2024-10-06,10,脱炭素・循環型社会とみどり豊かな都市の創造,6,給食残渣のたい肥化を行うこと。
2024,2024-10-07,10,脱炭素・循環型社会とみどり豊かな都市の創造,7,生ごみ処理機等を導入した市民のために、たい肥を利活用するためのルートを構築すること。
2024,2024-10-08,10,脱炭素・循環型社会とみどり豊かな都市の創造,8,マイクロプラスチックの排出原因の調査をすること。
2024,2024-10-09,10,脱炭素・循環型社会とみどり豊かな都市の創造,9,さいたま市域で３０ｂｙ３０を達成するため、緑地等を公有地化や法律・条例に基づく指定を行い、担保性のある自然池を本市面積の３０％以上確保すること。
2024,2024-11-01,11,命と暮らしを守る防災力と地域安全の向上,1,周産期の母子の避難所を確保するために子育て支援センター・大学等を利用して設置すること。
2024,2024-11-02,11,命と暮らしを守る防災力と地域安全の向上,2,避難所運営訓練を通して中学生に防災教育を継続、積極的に拡充すること。
2024,2024-11-03,11,命と暮らしを守る防災力と地域安全の向上,3,障害者等の要配慮者の参加を含む防災訓練や避難所運営への参画を進めること。
2024,2024-11-04,11,命と暮らしを守る防災力と地域安全の向上,4,避難所における聴覚障害者への情報保障するために、避難所マニュアルに情報提供手段を明記し、特化した防災訓練を実施すること。
2024,2024-11-05,11,命と暮らしを守る防災力と地域安全の向上,5,高齢者、障害者等の移動等の円滑化の促進に関する法律改正を受けて、学校トイレや公民館等の公共施設に大型ベッドを修繕時等に設置すること。
2024,2024-11-06,11,命と暮らしを守る防災力と地域安全の向上,6,防災アドバイザーの災害発生時における活動を再検討すること。
2024,2024-11-07,11,命と暮らしを守る防災力と地域安全の向上,7,民間駐車場の雨水浸透桝・トレンチ補助制度の創設に向けた他自治体の調査を実施すること。
2024,2024-11-08,11,命と暮らしを守る防災力と地域安全の向上,8,マンションや高齢者施設等の止水板の設置補助をすること。
2024,2024-11-09,11,命と暮らしを守る防災力と地域安全の向上,9,学校校庭貯留施設の雨水排水の強化をすること。
2024,2024-11-10,11,命と暮らしを守る防災力と地域安全の向上,10,救急隊に自動心臓圧迫装置を早期に配備すること。
2024,2024-12-01,12,地域を支える交通体系の構築と都市基盤整備,1,窓口が無人になる駅について、モニター付きインターフォンに変更するための補助金を検討すること。
2024,2024-12-02,12,地域を支える交通体系の構築と都市基盤整備,2,コミュニティバス等を含めた公共交通の利便性を向上すること。
2024,2024-12-03,12,地域を支える交通体系の構築と都市基盤整備,3,高齢者等の移動支援事業を１０区に拡充するための予算を増額すること。
2024,2024-12-04,12,地域を支える交通体系の構築と都市基盤整備,4,地下鉄７号線の事業実施要請を年度内に確実に行い、中間駅周辺まちづくりに関連して、フォレストアドベンチャーを設置することで、緑地の保全に努め、乗降客数を確保すること。
2024,2024-12-05,12,地域を支える交通体系の構築と都市基盤整備,5,東西交通大宮ルート実現に向けた具体的な工程表を作成すること。
2024,2024-12-06,12,地域を支える交通体系の構築と都市基盤整備,6,将来的に水道料金の急激な値上げが生じないよう水道事業の最適化を図ること。
2024,2024-12-07,12,地域を支える交通体系の構築と都市基盤整備,7,各種台帳の閲覧をWeb上で可能とし、申請や書類提出手続き等の簡素化・デジタル化を推進すること。
2024,2024-12-08,12,地域を支える交通体系の構築と都市基盤整備,8,総合評価方式の入札において、不調・不落工事対策のため難工事完了実績の優遇措置を図ること。
2024,2024-13-01,13,多様な価値観と人権尊重・ジェンダー平等の推進,1,多文化共生施策担当を人権施策担当所管に移管し、人権政策課とジェンダー平等推進課の所管の役割分担を再検討すること。
2024,2024-13-02,13,多様な価値観と人権尊重・ジェンダー平等の推進,2,ＵＮＨＣＲキャンペーン「難民を支える自治体ネットワーク」に参加して、自治体としてできる難民支援に取り組むこと。
2024,2024-13-03,13,多様な価値観と人権尊重・ジェンダー平等の推進,3,パートナ・ファミリーシップ制度を当事者がより活用しやすい制度とするために、対象者の拡大や当初の子どもの意思確認の見直しも図ること。
2024,2024-13-04,13,多様な価値観と人権尊重・ジェンダー平等の推進,4,市職員対象のパートナーシップ・ファミリーシップ制度について、他自治体で法律婚・事実婚と同様な扱いをしている事案等を調査し、本市でも積極的な対応を図ること。
2024,2024-13-05,13,多様な価値観と人権尊重・ジェンダー平等の推進,5,ジェンダー平等を推進するため、さいたま市男女共同参画推進事業者の目標件数を年間１０社以上にすること。
2024,2024-13-06,13,多様な価値観と人権尊重・ジェンダー平等の推進,6,個人情報保護法施行条例を強化し、市独自の要配慮個人情報の追加を検討すること。
2024,2024-13-07,13,多様な価値観と人権尊重・ジェンダー平等の推進,7,「手話は言語」との認識に立ち、必要な条例整備とあわせて各種施策の推進を図ること。
2024,2024-14-01,14,誰もが健康で心豊かにスポーツ・文化にふれあえるまち,1,盆栽村１００周年に向け、世界に誇る大宮盆栽美術館として、盆栽庭園の池まわりの修繕等を行い、さらなる魅力ある空間となるよう整備すること。
2024,2024-14-02,14,誰もが健康で心豊かにスポーツ・文化にふれあえるまち,2,関係団体が提出した要望書に基づき、氷川参道沿いに美術館を整備すること。
2024,2024-14-03,14,誰もが健康で心豊かにスポーツ・文化にふれあえるまち,3,次世代型スポーツ施設や公園の整備に当たり、子どもたちを含めた多様な住民の意見を十分に反映すること。
2024,2024-14-04,14,誰もが健康で心豊かにスポーツ・文化にふれあえるまち,4,ボール遊びできる公園等の広場やバスケットボール・サッカーができる場所を増やすこと。
2024,2024-14-05,14,誰もが健康で心豊かにスポーツ・文化にふれあえるまち,5,障害者のスポーツ実施率アップのためにスポーツ教室の充実とアウトリーチの実施。また種目を健常者も一緒にできるユニバーサルスポーツを取り入れること。
2024,2024-14-06,14,誰もが健康で心豊かにスポーツ・文化にふれあえるまち,6,プールを利用している団体競技の活動場所を確保すること。
2024,2024-15-01,15,市民協働・公民学連携による地域課題の解決,1,民間団体がボランティア募集する際に、円滑にマッチングする仕組みをつくること。
2024,2024-15-02,15,市民協働・公民学連携による地域課題の解決,2,さいたまマッチングファンドの期間の延長を含め検証すること。
2024,2024-15-03,15,市民協働・公民学連携による地域課題の解決,3,労働者協同組合法に関する市民向け説明会を開催すること。
2025,2025-01-01,1,『誰ひとり取り残さない』視点での施策展開,1,市長マニフェスト「人権尊重と多文化共生の地域社会を目指す」の実効性を高めるために、各所管とも連携して差別事案の把握につとめるとともに、ヘイトスピーチやヘイトクライムにも毅然と対応すべく条例制定を含めた取り組みを着実に進めること。
2025,2025-01-02,1,『誰ひとり取り残さない』視点での施策展開,2,インターネット上の誹謗中傷等の防止と被害者支援等に関する条例に基づく、ネットリテラシー教育・啓発と相談体制の充実に努めること。
2025,2025-01-03,1,『誰ひとり取り残さない』視点での施策展開,3,困難女性支援法施行にあたり、市民周知のさらなる徹底、オンラインを含めた相談体制の整備、相談員の確保と処遇改善、各部局との連携強化、アウトリーチ活動などを積極的に行うこと。
2025,2025-01-04,1,『誰ひとり取り残さない』視点での施策展開,4,ひとり親家庭に対する支援制度・事業の周知を徹底し、個々のニーズに対応した支援が行われるようにすること。
2025,2025-01-05,1,『誰ひとり取り残さない』視点での施策展開,5,障害の有無や年齢によらず、共に学び、理解を深めることのできるユニバーサルスポーツを行える機会を創出すること。
2025,2025-02-01,2,市政の透明化・情報発信強化と市民参画の推進,1,「さいたま市の憲法」としての自治基本条例制定に向けた取り組みを再開すること。
2025,2025-02-02,2,市政の透明化・情報発信強化と市民参画の推進,2,子どもや若者を対象とする議会を創設し、高校生ファシリテーターを養成・活用し、子どもの意見反映や提案を事業化すること。また、子どもが関わる施策に当事者意見を反映させる義務付けられたことから、その反映過程や内容を公表すること。
2025,2025-02-03,2,市政の透明化・情報発信強化と市民参画の推進,3,子どもの提案制度は、子どもたちにわかりやすい情報を発信し、小学生からの対象年齢とオンライン申請の２４時間受付に拡大すること。
2025,2025-02-04,2,市政の透明化・情報発信強化と市民参画の推進,4,現在の文書規則の対象外である市の外郭団体や指定管理者等の保有する市施設の運営に関わる文書も「公文書」として位置づけて、情報公開の充実や安易な廃棄処分がなされないような措置をとるための条例整備を図ること。
2025,2025-02-05,2,市政の透明化・情報発信強化と市民参画の推進,5,教職員が受けた相談内容等については、規則を定めた上で記録し、義務教育修了３年後まで保管すること。
2025,2025-03-01,3,事業等の見直しによる新たな財源確保,1,郵便局証明書等発行事務事業を廃止すること。
2025,2025-03-02,3,事業等の見直しによる新たな財源確保,2,「さいたまＭＹ ＳＣＨＯＯＬファンド」の周知により寄附を増やし、寄附者を学校のフェンス等を活用し掲示すること。
2025,2025-03-03,3,事業等の見直しによる新たな財源確保,3,長寿祝金の支給の在り方を見直し、健康寿命延伸策実施を拡充すること。
2025,2025-03-04,3,事業等の見直しによる新たな財源確保,4,さいたま市融資制度の実施を継続するにあたり、予算規模の妥当性と制度の効果等を検証すること。
2025,2025-03-05,3,事業等の見直しによる新たな財源確保,5,外部専門家（社会保険労務士）の調査業務委託で「消えた年金」の回復により生活保護費などの支出減を図ること。
2025,2025-03-06,3,事業等の見直しによる新たな財源確保,6,行財政シンカ推進会議の更なる活用による行革を推進すること。
2025,2025-04-01,4,すべての子どもに学びと成長の機会充実,1,スクールソーシャルワーカー・スクールカウンセラーを増員し、児童・生徒一人当たりの対応時間をこれまで以上に増やすこと。また、子どもの個別支援に関しては、教育委員会だけではなく、市長部局や地域とさらなる連携を深めた支援体制を構築すること。
2025,2025-04-02,4,すべての子どもに学びと成長の機会充実,2,各校のＳｏｌａるーむの稼働状況を把握し、特に稼働しているところではスクール・アシスタントを増員し、現場の負担軽減を図ること。
2025,2025-04-03,4,すべての子どもに学びと成長の機会充実,3,長野県を参考にフリースクール認証制度を開始し、基準に合致する運営者へ人材育成のための研修等を含め補助を行うこと。
2025,2025-04-04,4,すべての子どもに学びと成長の機会充実,4,学校外の多様な学びの選択肢の１つであるフリースクール等に通う児童・生徒への経済的負担を軽減すること。
2025,2025-04-05,4,すべての子どもに学びと成長の機会充実,5,Ｇｒｏｗｔｈについて、あんしんメールを活用し、ＨＰや動画のリンクを配信して、周知徹底を図ること。
2025,2025-04-06,4,すべての子どもに学びと成長の機会充実,6,外国ルーツの児童生徒と保護者に対する初期対応の充実と中学卒業後の進路保障に向けた取り組みの推進すること。
2025,2025-04-07,4,すべての子どもに学びと成長の機会充実,7,長期欠席者や長期欠席者傾向の子どもたちに健康診断を行うこと。
2025,2025-04-08,4,すべての子どもに学びと成長の機会充実,8,助産師等による思春期保健事業を全校で実施し、少なくとも小学校６年間に１回、中学校３年間で１回は、体系的に包括的性教育が実施されるようにすること。
2025,2025-04-09,4,すべての子どもに学びと成長の機会充実,9,包括的性教育に関する学校図書、カードゲームや動画などの補助教材、啓発ツール類を充実させ、活用すること。
2025,2025-04-10,4,すべての子どもに学びと成長の機会充実,10,各学校が自由に使用できる予算が少ないため備品の更新が不十分なことや、学校中規模修繕を待たずに雨漏りやトイレの洋式化を進めるために、教育委員会の総予算を大幅に増やすこと。
2025,2025-04-11,4,すべての子どもに学びと成長の機会充実,11,学校施設に断熱や換気の設備を導入すること。また、エアコンを全市立学校の特別教室及び給食室にも速やかに設置すること。
2025,2025-04-12,4,すべての子どもに学びと成長の機会充実,12,学校図書に対して教育委員会からの十分な予算措置を図ること。
2025,2025-04-13,4,すべての子どもに学びと成長の機会充実,13,児童・生徒１人１台のタブレットの貸与において、修理等で手元から離れる期間をなくすため、代替機の十分な確保を図り、更新に向けた計画を策定して学習機会を確実に保障すること。
2025,2025-04-14,4,すべての子どもに学びと成長の機会充実,14,主権者教育を推進するため、市内の中学校が身近な市議会の見学等を検討すること。
2025,2025-05-01,5,社会全体で子どもと若者を支えるまち,1,子ども基本法の制定を受け、「こどもまんなか社会」の実現に向けて（仮称）さいたま市子ども基本条例の制定に向けた取り組みを進めること。
2025,2025-05-02,5,社会全体で子どもと若者を支えるまち,2,川西市の「子どもの人権オンブズパーソン」のように、子どもの当事者性を尊重する機関を設置し、深刻化・重大化する前に相談・調査する機関を設置すること。
2025,2025-05-03,5,社会全体で子どもと若者を支えるまち,3,若者の性被害、特に未成年の望まない妊娠について、保健師、助産師と連携し、気軽に相談できるＬＩＮＥ等を活用した市独自の窓口を設置すること。
2025,2025-05-04,5,社会全体で子どもと若者を支えるまち,4,プレイパークの設置とプレイワーカーの育成支援に向けて関係団体と協働してガイドラインを作成し、研修を行うこと。
2025,2025-05-05,5,社会全体で子どもと若者を支えるまち,5,公共施設を活用して、長期欠席児童生徒を含めた子どもたち・若者の居場所の設置をすること。また、公共施設の空きスペースを活用し、イス、テーブルを設置し勉強できる場を設けること。
2025,2025-05-06,5,社会全体で子どもと若者を支えるまち,6,日本財団子ども第三の居場所助成事業（常設モデル）を活用して、重点を置く必要のある地域に「子ども第三の居場所」を設立し、３年後に「児童育成支援拠点」に発展させること。
2025,2025-05-07,5,社会全体で子どもと若者を支えるまち,7,短期間での退職者がある園があるため、各園の保育士や保育士以外の職種の配置人数、勤続年数や退職理由の公表をすること。
2025,2025-05-08,5,社会全体で子どもと若者を支えるまち,8,保育士宿舎借り上げ支援事業と同様の事業を創設し、幼稚園教諭や児童養護施設等の児童福祉施設に勤務する保育士も加えること。
2025,2025-05-09,5,社会全体で子どもと若者を支えるまち,9,ヤングケアラーとその家族の相談窓口である行政の各機関や学校、民間支援団体とのさらなる連携強化とネットワーク化を図ること。
2025,2025-05-10,5,社会全体で子どもと若者を支えるまち,10,宗教２世への相談支援の体制を構築すること。
2025,2025-06-01,6,子育て世代に行き届く支援体制の構築,1,産後ケア事業のきょうだい児や多胎児や４か月以降の受入を可能とすること。
2025,2025-06-02,6,子育て世代に行き届く支援体制の構築,2,産後ケア施設整備費の補助を行うようにし、また持続可能な運営のため双子加算の増額や宿泊及びデイサービス補助額の引き上げを行うこと。
2025,2025-06-03,6,子育て世代に行き届く支援体制の構築,3,産後ケア事業の対象利用者拡大と利用料金のさらなる負担軽減を図ること。
2025,2025-06-04,6,子育て世代に行き届く支援体制の構築,4,多胎児の家族が、妊娠期から、プレママパパクラスにオンラインで参加可能とし、ピアサポート支援を充実させること。
2025,2025-06-05,6,子育て世代に行き届く支援体制の構築,5,子育て支援センターの駐車場を整備すること。または周辺のコインパーキングの自己負担を軽減するため補助すること。
2025,2025-06-06,6,子育て世代に行き届く支援体制の構築,6,医療ケア児の家族におけるレスパイトの機会を拡充する等の支援促進を図ること。
2025,2025-06-07,6,子育て世代に行き届く支援体制の構築,7,担い手確保のため、放課後児童クラブ入室審査選考基準に、保育園や放課後児童クラブ等での勤務を加点対象とすること。
2025,2025-06-08,6,子育て世代に行き届く支援体制の構築,8,放課後児童クラブ運営事務に関する保護者負担を軽減するため、制度が最大限活用できるよう委託契約説明時の資料と動画等を公開し、Ｑ＆Ａ等も公開すること。
2025,2025-06-09,6,子育て世代に行き届く支援体制の構築,9,放課後居場所のモデル事業が開始されたことを踏まえ、さいたま市の放課後児童クラブのあり方を見直すこと。
2025,2025-06-10,6,子育て世代に行き届く支援体制の構築,10,居場所事業導入後、利用者が減少する放課後児童クラブに対する運営支援を行うこと。
2025,2025-06-11,6,子育て世代に行き届く支援体制の構築,11,いじめ重大事態の調査の際に開催される委員会の委員報酬を、職務時間に応じて支払う時間制報酬とすること。
2025,2025-06-12,6,子育て世代に行き届く支援体制の構築,12,意見表明等支援事業の支援員の報酬に関する予算を十分に確保すること。
2025,2025-06-13,6,子育て世代に行き届く支援体制の構築,13,子どもがいる離婚前の家族に対して市営住宅へ入居を可能とすること。
2025,2025-07-01,7,すべての市民の健康増進と福祉向上,1,ＨＰＶセルフチェック検査の導入と男性ＨＰＶワクチン接種の助成をするよう積極的に国に働きかけること。
2025,2025-07-02,7,すべての市民の健康増進と福祉向上,2,視覚障害者の社会参画に向けて情報収集に重要な役割を果たすスマホ教室や同行援護支援の拡充を行うこと。
2025,2025-07-03,7,すべての市民の健康増進と福祉向上,3,物価高騰対策として高齢者のおむつ支給利用券の上限を引き上げること。
2025,2025-07-04,7,すべての市民の健康増進と福祉向上,4,福祉局職員に向けた障害者理解に向けた研修について、今までの講義型に加えて、障害者が講師として行うワークショップ型のⅮＥＴ研修も採用すること。
2025,2025-07-05,7,すべての市民の健康増進と福祉向上,5,制度の狭間や民間が受入れ困難な事例に対応するための最後の砦となる施設を公的責任で十分な予算を確保した上で設置すること。
2025,2025-07-06,7,すべての市民の健康増進と福祉向上,6,民間で充足されている障害福祉サービスを本市の事業として統合設置する際は不足する相談支援事業所とし、相談支援を受けられず、セルフプランで対応しているサービス利用者を減らすこと。
2025,2025-07-07,7,すべての市民の健康増進と福祉向上,7,高齢者の生活支援体制整備事業のさらなる拡充のため、コーディネーターの増員を図ること。
2025,2025-07-08,7,すべての市民の健康増進と福祉向上,8,薬剤師を地域における予防医療や健康指導に活用し、市民のセルフケア推進のための啓発事業を協働して実施すること。
2025,2025-07-09,7,すべての市民の健康増進と福祉向上,9,ケアマネージャー不足に対応するため、法定研修の受講料に対する補助を行う人材確保策を実施すること。
2025,2025-07-10,7,すべての市民の健康増進と福祉向上,10,お薬手帳にある情報を含め、電子処方箋やマイナポータルの情報と連携させ、バラバラにある医療情報を「パーソナルヘルスレコード」としてトータルに管理できるようにするため、各機関が連携を強化し、実証実験を行うこと。
2025,2025-07-11,7,すべての市民の健康増進と福祉向上,11,地域における小児慢性特定疾病児童等の実情の把握等が努力義務化されたことを踏まえ、医療費の支給や支援事業等の実施を通じて、小児慢性特定疾病児童等及びその家族のニーズを把握すること。
2025,2025-08-01,8,持続可能な働き方と経済成長の実現,1,障害者等のための超短時間雇用を市内民間企業１カ所でモデル事業を実施すること。
2025,2025-08-02,8,持続可能な働き方と経済成長の実現,2,療育センターの言語聴覚士・理学療法士等の有資格者・専門職の処遇改善すること。
2025,2025-08-03,8,持続可能な働き方と経済成長の実現,3,子育て中の教職員を含めた市の職員も、一般企業の水準に合わせて、現在の未就学児までではなく、子が小学校３年生まで時短勤務を選択できるようにすること。
2025,2025-08-04,8,持続可能な働き方と経済成長の実現,4,社会人経験者枠のさらなる拡大と、さいたま市非正規公務員に特化した募集枠を社会人経験者枠の中に設置し、職務経験を十分に考慮した人員配置を行うこと。
2025,2025-08-05,8,持続可能な働き方と経済成長の実現,5,会計年度任用職員の専門性に見合った給与体系にすること。
2025,2025-08-06,8,持続可能な働き方と経済成長の実現,6,会計年度任用職員が安心して働き、能力を発揮できる人事制度とするため、会計年度任用職員の意識調査を実施すること。
2025,2025-08-07,8,持続可能な働き方と経済成長の実現,7,社会保険労務士等の専門職を活用し、労働と社会保障に関する学びの機会を設けること。
2025,2025-08-08,8,持続可能な働き方と経済成長の実現,8,歴史資源を観光・経済の視点で活用するため、遷喬館や時の鐘など面的に整備すること。武蔵一宮氷川神社を核としたインバウンド対策を早急に行い、外国人観光客を倍増させ、市内の周遊へとつなげること。
2025,2025-08-09,8,持続可能な働き方と経済成長の実現,9,まつり等への補助金は物価高等を十分に考慮すること。
2025,2025-08-10,8,持続可能な働き方と経済成長の実現,10,公共工事設計労務単価の上昇分が、働く者へ分配されていることを確認すること。
2025,2025-08-11,8,持続可能な働き方と経済成長の実現,11,起業家支援として事業資金融資の金利の半分を補助すること。
2025,2025-08-12,8,持続可能な働き方と経済成長の実現,12,新たな手法を検討し、田島産業集積拠点の整備を進めること。
2025,2025-08-13,8,持続可能な働き方と経済成長の実現,13,食肉卸売センターの機能集約に向けて、県との調整を加速し、経営基盤を確実に構築すること。
2025,2025-09-01,9,『人生１００年時代』の学びとコミュニティーの充実,1,公民館の社会教育の充実のため、社会教育主事任用資格や社会教育士などの専門資格を持つ者の割合を５０％以上とすること。
2025,2025-09-02,9,『人生１００年時代』の学びとコミュニティーの充実,2,学びを通じて、人づくり、つながりづくり、地域づくりを実現する社会教育事業の拠点としての公民館事業費を増額すること。
2025,2025-09-03,9,『人生１００年時代』の学びとコミュニティーの充実,3,地域で孤立している方や生きづらい方への公民館等の公共施設を利用した居場所づくりを全館で推進すること。
2025,2025-09-04,9,『人生１００年時代』の学びとコミュニティーの充実,4,公民館全館へのＷｉ－Ｆｉ設置に向けて、中規模・大規模修繕を行う際に地区公民館で整備すること。
2025,2025-09-05,9,『人生１００年時代』の学びとコミュニティーの充実,5,公民館職員に向けて、専門家による体系づけた研修を行うこと。
2025,2025-09-06,9,『人生１００年時代』の学びとコミュニティーの充実,6,エレベーター設置が可能な地区公民館の改修を、計画的に早期に完了させること。
2025,2025-10-01,10,脱炭素・循環型社会とみどり豊かな都市の創造,1,市街化区域内での緑地空間を確保するため、道路、公園、広場等で街路樹、樹木等の植栽を積極的に行うこと。また、安全等に配慮し、高木や根上りに対しては適正に管理すること。
2025,2025-10-02,10,脱炭素・循環型社会とみどり豊かな都市の創造,2,さいたま市域で３０ｂｙ３０を達成するために、公有地の積極的確保と合わせて民有地との協定締結も含めて多様な取り組みを進めること。
2025,2025-10-03,10,脱炭素・循環型社会とみどり豊かな都市の創造,3,「さいたま水と生きものプラン」において、実地調査と科学的な分析に基づく、生物多様性が豊かな樹林地や草地、湿地等の自然地を、保全が重要なエリアとして地図に明示すること。
2025,2025-10-04,10,脱炭素・循環型社会とみどり豊かな都市の創造,4,オーガニックビレッジ宣言を行い、国からの助成金を確保し、本市独自の有機農業の取り組みができるようにすること。
2025,2025-10-05,10,脱炭素・循環型社会とみどり豊かな都市の創造,5,担い手のいない農地と空き家(農家住宅)を探している新規就農者をマッチングする仕組みを作ること。
2025,2025-10-06,10,脱炭素・循環型社会とみどり豊かな都市の創造,6,耕作放棄地対策や農地保全のために、市が農地を取得し、市民が農業に触れ合える機会を創出するため、駐車場やトイレ等が整備された市民農園を作り運営すること。
2025,2025-11-01,11,命と暮らしを守る防災力と地域安全の向上,1,災害時、周産期の母子の健康を観察し、安全安心な避難所を確保するために母子に特化した避難所を設置すること。
2025,2025-11-02,11,命と暮らしを守る防災力と地域安全の向上,2,避難所運営訓練に中学生が参加する防災教育を積極的に拡充すること。
2025,2025-11-03,11,命と暮らしを守る防災力と地域安全の向上,3,２０２５年度に全校設置予定の避難所となる中学校体育館のエアコンに関しては暑くなる前の年度初めに設置し、また、小学校体育館は前倒しして設置すること。
2025,2025-11-04,11,命と暮らしを守る防災力と地域安全の向上,4,荒川氾濫の予想される地域において電柱に浸水深表示板の設置を進めること。
2025,2025-11-05,11,命と暮らしを守る防災力と地域安全の向上,5,要配慮者優先避難所の運営に向けて、当事者の意見を聴取するワークショップを開催すること。
2025,2025-11-06,11,命と暮らしを守る防災力と地域安全の向上,6,聴覚障害者が避難する拠点となる要配慮者優先避難所を市内東西南北に指定し、手話通訳者を配置すること。
2025,2025-11-07,11,命と暮らしを守る防災力と地域安全の向上,7,消費生活相談業務に対しては国の動向に関わらず体制の維持に努めつつ、職員配置と予算措置について十分配慮すること。
2025,2025-12-01,12,地域を支える交通体系の構築と都市基盤整備,1,窓口が無人になる駅について、交通権の保障のためにもモニター付きインターホンに変更するため市独自の補助金を検討すること。
2025,2025-12-02,12,地域を支える交通体系の構築と都市基盤整備,2,高齢者等の移動支援事業については、カーシェアリングを活用した仕組みなどにも取り組むこととし、１０区に拡充するための予算を増額すること。
2025,2025-12-03,12,地域を支える交通体系の構築と都市基盤整備,3,総合評価方式の入札において、地域での継続的なボランティア活動や地域のイベント等の広告協賛・人員の提供などに対して更なる優遇措置を図ること。
2025,2025-12-04,12,地域を支える交通体系の構築と都市基盤整備,4,地下鉄７号線の事業実施要請に向けて、Ｂ／ＣのＢを積み上げるための具体的な計画を策定し、実行すること。中間駅周辺まちづくりでは、緑地の保全を図り持続可能性を高め、乗降客数の確保するために、フォレストアドベンチャーを設置すること。また、岩槻駅周辺地区の再開発計画を策定すること。
2025,2025-12-05,12,地域を支える交通体系の構築と都市基盤整備,5,年度当初から工事が着手できるよう施工時期の平準化をさらに推進すること。また、多重請負を回避するため大型工事の分別・工区割りにより、地元企業の受注機会を拡大すること。
2025,2025-12-06,12,地域を支える交通体系の構築と都市基盤整備,6,難工事完了実績を優遇し、入札不調を減らしていくこと。
2025,2025-13-01,13,多様な価値観と人権尊重・ジェンダー平等の推進,1,本市のジェンダー平等のまちづくりを進めて行くため、人権・男女共同参画課および男女共同参画推進センター（パートナーシップさいたま）の機能強化を図ること。
2025,2025-13-02,13,多様な価値観と人権尊重・ジェンダー平等の推進,2,さいたま市ジェンダー主流化宣言を行い、市のあらゆる施策にジェンダーの視点から事業を点検し、格差是正に向けた施策実施に取り組むこと。
2025,2025-13-03,13,多様な価値観と人権尊重・ジェンダー平等の推進,3,男女共同参画推進本部に実務者レベルのプロジェクトを設置し、全庁的・部局横断的に取り組む体制を作ること。
2025,2025-13-04,13,多様な価値観と人権尊重・ジェンダー平等の推進,4,男女共同参画の政策形成と調整機能を有する政策室を設置すること。
2025,2025-13-05,13,多様な価値観と人権尊重・ジェンダー平等の推進,5,大学ダイバーシティ推進センターとの協働・連携をさらに推進し、ジェンダー平等に取り組む人材を計画的に育成すること。また、職員の研修にも活用すること。
2025,2025-13-06,13,多様な価値観と人権尊重・ジェンダー平等の推進,6,「手話は言語」との認識を踏まえ、独自条例整備も含めた検討と手話通訳者派遣の充実を図ること。
2025,2025-13-07,13,多様な価値観と人権尊重・ジェンダー平等の推進,7,ＵＮＨＣＲキャンペーン「難民を支える自治体ネットワーク」参加自治体との交流を深め、同ネットワーク参加も含めて、さいたま市としての難民支援をおこなうこと。
2025,2025-13-08,13,多様な価値観と人権尊重・ジェンダー平等の推進,8,パートナーシップ・ファミリーシップ制度についての各種行政サービス等について、当事者に寄り添い、他自治体で事実婚に準じる扱いとなっている取り組みについて積極的導入を図ること。
2025,2025-14-01,14,誰もが健康で心豊かにスポーツ・文化にふれあえるまち,1,障害者のスポーツ実施率向上のためスポーツ教室の充実とアウトリーチの拡充を図ること。
2025,2025-14-02,14,誰もが健康で心豊かにスポーツ・文化にふれあえるまち,2,さいたまクリテリウムでのタンデムの種目において、視覚障害者だけでなく、広く誰にでも門戸を広げること。
2025,2025-14-03,14,誰もが健康で心豊かにスポーツ・文化にふれあえるまち,3,さいたまマラソンに広く市民が参加できるように制限時間の拡大や距離・種目を多様に展開していくこと。
2025,2025-14-04,14,誰もが健康で心豊かにスポーツ・文化にふれあえるまち,4,氷川参道沿いに、文化・芸術の振興と発展、地域社会に開かれた美術館を早期に整備すること。
2025,2025-14-05,14,誰もが健康で心豊かにスポーツ・文化にふれあえるまち,5,障害や年齢、国籍に関わらず、ともに文化芸術に触れるためのアクセシビリティを向上させること。
2025,2025-15-01,15,市民協働・公民学連携による地域課題の解決,1,２０１６年３月に策定された「さいたま市公共施設再編検討の進め方 手引き」の全庁的な活用を図り、広く市民の声を反映させながら、事業を進めること。
2025,2025-15-02,15,市民協働・公民学連携による地域課題の解決,2,個別のまちづくり手法等を示す西浦和駅周辺まちづくりアクションプラン策定にあたっては、地元まちづくり協議会や地権者、商店会等の意見を充分に踏まえること。
2025,2025-15-03,15,市民協働・公民学連携による地域課題の解決,3,スポーツシューレ推進施設基本計画策定にあたっては、地元商店会や自治会等との意見交換を行うこと。
2025,2025-15-04,15,市民協働・公民学連携による地域課題の解決,4,与野中央公園をはじめ、公園にＰＦＩ導入を図るに際し、都市公園法の規定に合致する施設とし、市民への十分な説明責任及び意見反映を図ること。
2025,2025-15-05,15,市民協働・公民学連携による地域課題の解決,5,市外へ流出する決済手数料をさいたま市みんなのアプリによって確実に回収し、株式会社つなぐにおいては、地域住民の意向を酌んだ事業を展開すること。
2025,2025-15-06,15,市民協働・公民学連携による地域課題の解決,6,（仮称）身近な公園のルールづくりガイドラインの早急な策定と十分な周知を図ること。
2025,2025-15-07,15,市民協働・公民学連携による地域課題の解決,7,地域の課題を発見し、解決策を考える探究学習を行う小中学校において、校内発表の場を作り、学校の代表者が区内で発表、議員等と懇談する仕組みを検討すること。
2026,2026-01-01,1,『誰ひとり取り残さない』視点での施策展開,1,市の予算全体に対して、子どもの教育に関する予算の占める割合を拡大すること。
2026,2026-01-02,1,『誰ひとり取り残さない』視点での施策展開,2,子どもの当事者性を尊重する第三者機関を設置し、さまざまな事象が深刻化・重大化する前に相談・調査し、子どもの権利侵害を救済できる機関を設置すること。
2026,2026-01-03,1,『誰ひとり取り残さない』視点での施策展開,3,市長マニフェスト『誰一人取り残さない、しあわせ実感都市へのシンカ』を活かすために、包括的人権条例もしくはインクルーシブ条例の制定を行なうこと。
2026,2026-01-04,1,『誰ひとり取り残さない』視点での施策展開,4,視覚障害に特化した相談支援事業所（仙台市を参考に）を設置すること。また、視覚障害者の社会参画に向けて情報収集に重要な役割を果たすスマホ教室の開催回数を増やすこと。
2026,2026-01-05,1,『誰ひとり取り残さない』視点での施策展開,5,ⅠＣＴリーダー等の地域の人材の活躍による全ての世代におけるデジタルデバイドの解消とネットリテラシー教育の推進を図ること。
2026,2026-02-01,2,市政の透明化・情報発信強化と市民参画の推進,1,『さいたま市の憲法』となる自治基本条例制定に向け、これまでの取り組みの検証を行うこと。
2026,2026-02-02,2,市政の透明化・情報発信強化と市民参画の推進,2,あらゆる計画・政策の立案時に、子どもの意見を聴取する仕組みを整え、子どもの意見を反映させること。
2026,2026-02-03,2,市政の透明化・情報発信強化と市民参画の推進,3,包括的な公文書管理条例制定に向けた、調査を行うこと。
2026,2026-02-04,2,市政の透明化・情報発信強化と市民参画の推進,4,ＬＩＮＥや回覧板、郵送など個別に提供する情報に関しては、さいたま市民アプリに集約していくこと。
2026,2026-03-01,3,事業等の見直しによる新たな財源確保,1,郵便局証明書等発行事務事業廃止に向け、コンビニ交付や電子申請による交付に移行を促すこと。
2026,2026-03-02,3,事業等の見直しによる新たな財源確保,2,スポーツコミッションへの職員派遣の段階的中止とさいたまクリテリウムの在り方を見直すこと。
2026,2026-03-03,3,事業等の見直しによる新たな財源確保,3,「さいたまＭＹ ＳＣＨＯＯＬファンド」を、地域や地元企業に周知し、各学校の目標金額や事業内容などを具体的に提示し、協力を得ること。
2026,2026-03-04,3,事業等の見直しによる新たな財源確保,4,さいたま市融資制度がより効果的な融資や雇用環境の改善となる制度設計とし、予算規模を見直すこと。
2026,2026-03-05,3,事業等の見直しによる新たな財源確保,5,公の施設の経費負担の在り方を検討する際、公共施設等利用料の世代間における不公平感の解消に向けて議論すること。
2026,2026-03-06,3,事業等の見直しによる新たな財源確保,6,長寿祝金として支給することから転換し、健康寿命延伸策を拡充すること。
2026,2026-04-01,4,すべての子どもに学びと成長の機会充実,1,助産師等による思春期保健事業を全校で実施するための予算を確保し、クラス数に応じた加算の上限を設けないこと。
2026,2026-04-02,4,すべての子どもに学びと成長の機会充実,2,希望する学校には保健室以外でも必要な数の生理用品を配布できるようにすること。
2026,2026-04-03,4,すべての子どもに学びと成長の機会充実,3,学習に遅れのある生徒への支援を強化するため、中学校の放課後チャレンジスクールの活用を学校側から生徒へ積極的に働きかけるとともに、学習の進み具合などチャレンジと情報共有を図ること。
2026,2026-04-04,4,すべての子どもに学びと成長の機会充実,4,スクールソーシャルワーカー・スクールカウンセラーの処遇改善を行い、さらに増員し、児童・生徒一人当たりの対応時間をこれまで以上に増やし、支援を充実させること。また、子どもの個別支援に関しては、多職種・多機関連携を行うにあたりケースを一元的に管理し、子どもたちに同じことを何度もヒアリングしなくてもよいシステムを構築すること。
2026,2026-04-05,4,すべての子どもに学びと成長の機会充実,5,小学校低学年の児童に対する学校生活への支援のため、ボランティアを配置する（仙台市のエプロン先生を参考に）モデル校を設置すること。
2026,2026-04-06,4,すべての子どもに学びと成長の機会充実,6,いじめ等の子どもの権利侵害となる事案が発生した際、教育委員会から独立した第三者機関が早期に調査を行い、学校及び教育委委員会へ外部の視点から改善勧告ができるようにすること。
2026,2026-04-07,4,すべての子どもに学びと成長の機会充実,7,長期欠席者や長期欠席者傾向の子どもたちが健康診断を受けているのかの実態調査を行い、機会が失われている子どもについては、医療機関でも可能とすること。
2026,2026-04-08,4,すべての子どもに学びと成長の機会充実,8,学校を休みがちな児童・生徒が給食だけを食べに登校することを可能とすること。
2026,2026-04-09,4,すべての子どもに学びと成長の機会充実,9,各校のＳｏｌａるーむの状況を把握し、利用児童が多いところではスクール・アシスタント等を増員し、スタッフが常駐できる体制にすること。
2026,2026-04-10,4,すべての子どもに学びと成長の機会充実,10,学びの多様化学校開校後も、Ｇｒоｗｔｈを利用していた児童生徒が居場所を失うことがないよう名称と機能を残すことも含め、十分な説明や配慮を行うこと。
2026,2026-04-11,4,すべての子どもに学びと成長の機会充実,11,学校外の学びの選択肢として、フリースクールや塾やスポーツクラブなどが居場所となっていることを踏まえ、利用者の経済的負担を軽減するためにバウチャー制度を導入すること。
2026,2026-04-12,4,すべての子どもに学びと成長の機会充実,12,下校児童・生徒の熱中症対策としてネッククーラー等を凍らせるための冷凍庫を設置すること。
2026,2026-04-13,4,すべての子どもに学びと成長の機会充実,13,学校施設に断熱や換気の設備を導入すること。また、エアコンを全市立学校の特別教室及び給食室、武道場へ速やかに設置すること。
2026,2026-04-14,4,すべての子どもに学びと成長の機会充実,14,学校給食費の無償化に関する国の動向を注視し、それによって食材の量や質の低下を招かぬよう、また市内農産物を積極的に活用して地産地消を促せるよう、差額補償をするなど必要な予算措置をすること。
2026,2026-04-15,4,すべての子どもに学びと成長の機会充実,15,子どもたちの健康を守るため、シックスクール対策を計画としてとりまとめること。特に香害など化学物質過敏症の子どもたちへの配慮や家庭への注意喚起を行い、化学物質による健康被害を未然に防ぐための啓発を行うこと。
2026,2026-04-16,4,すべての子どもに学びと成長の機会充実,16,外国ルーツの子どもに対する支援として入学前のプレスクール的な取り組みを実施すること。
2026,2026-04-17,4,すべての子どもに学びと成長の機会充実,17,特別支援学校の整備に当たっては、地域と協働しながら進めること。
2026,2026-05-01,5,社会全体で子どもと若者を支えるまち,1,プレーパークの増設に向けて、プレーワーカーの育成を加速し、有償ボランティアとするため処遇改善を進めること。
2026,2026-05-02,5,社会全体で子どもと若者を支えるまち,2,望まない妊娠等の相談窓口を市内全ての学校施設や公共施設、民間施設にも協力いただき女子トイレの個室内に掲示すること。
2026,2026-05-03,5,社会全体で子どもと若者を支えるまち,3,家族、身近な人、大切な人を死別で失い、悲しみを抱えている子どもたちのグリーフケアを実施すること。
2026,2026-05-04,5,社会全体で子どもと若者を支えるまち,4,子ども食堂やフードパントリーなど子どもの居場所を提供する活動を持続可能な運営できるよう活動支援を行うこと。
2026,2026-05-05,5,社会全体で子どもと若者を支えるまち,5,昼夜を問わず、行き場のない子ども・若者を安全に受け入れる居場所を創出すること。
2026,2026-06-01,6,子育て世代に行き届く支援体制の構築,1,産後ケア事業全体予算を増額し、子育て楽しいさいたま市としての環境整備をさらに進めること。また、産後ケア施設整備費の補助率を高め、双子加算の増額や宿泊及びデイサービス補助額を段階的に引き上げ、事業者の赤字を解消し、持続可能な産後ケア事業とすること。
2026,2026-06-02,6,子育て世代に行き届く支援体制の構築,2,外国籍の妊産婦に産前産後の支援が行き届くよう多言語対応を含めた取り組みの充実を図ること。
2026,2026-06-03,6,子育て世代に行き届く支援体制の構築,3,保育士の宿舎借り上げ事業の人数の上限を撤廃し、期間も延長することで、長期的な定着を支援すること。また、幼稚園教諭や保育園勤務以外の保育士へも拡大すること。
2026,2026-06-04,6,子育て世代に行き届く支援体制の構築,4,多胎児家庭外出支援事業における利用年齢の引き上げと上限の回数を拡大すること。
2026,2026-06-05,6,子育て世代に行き届く支援体制の構築,5,多胎ファミリー交流会において、妊娠・出産・育児における困難感を減少するために、ピアサポーターの増員を図ること。また、同交流会のオンライン配信に関しては双方向のサポート体制とすることで質を高めること。
2026,2026-06-06,6,子育て世代に行き届く支援体制の構築,6,民設放課後児童クラブの施設補助の立地等の条件については、本市の事情を十分に配慮し、緩和すること。
2026,2026-06-07,6,子育て世代に行き届く支援体制の構築,7,ファミリーサポート制度を希望者には１８歳まで拡大すること。
2026,2026-07-01,7,すべての市民の健康増進と福祉向上,1,医療的ケア児訪問型レスパイト事業や難病患者在宅レスパイト事業（平戸市や東京都を参考に）と合わせて、交通費・駐車場代金の加算制度創設すること。
2026,2026-07-02,7,すべての市民の健康増進と福祉向上,2,医療的ケア児を抱える家族のためのレスパイト施設を増やすこと。また、市立病院で受け入れ可能な環境を整備すること。
2026,2026-07-03,7,すべての市民の健康増進と福祉向上,3,ハイケアを必要とする医療的ケア者対応のグループホームや生活介護事業所を計画的に設置すること。また、 医療的ケア者を受け入れ可能な訪問介護事業所を育成し、補助制度を創設すること。
2026,2026-07-04,7,すべての市民の健康増進と福祉向上,4,市が指定管理を行う障害福祉サービスは、国の制度では対応しきれない事業や民間の参入が全く見込めない事業に限定すること。
2026,2026-07-05,7,すべての市民の健康増進と福祉向上,5,児童・障害福祉施設等の労務環境の向上や処遇改善を図るため、労務監査を社会保険労務士等の専門的な知見を活用して実施すること。
2026,2026-07-06,7,すべての市民の健康増進と福祉向上,6,障害当事者が会議等へ参加する場合、オンライン参加が常時選択できる体制とすること。
2026,2026-07-07,7,すべての市民の健康増進と福祉向上,7,公共施設利用時の減免措置を現在は３障害となっているが、難病者も含めること。また市職員の採用において、障害手帳を持たない難病者枠を設けること。
2026,2026-07-08,7,すべての市民の健康増進と福祉向上,8,障害児の福祉支援サービス等の更新頻度を状況に応じて設定し、オンライン等で申請手続きの負担軽減を図ること。
2026,2026-07-09,7,すべての市民の健康増進と福祉向上,9,障害児を持つ親の離婚率の調査をすること。
2026,2026-07-10,7,すべての市民の健康増進と福祉向上,10,男性ＨＰＶワクチン接種の助成をするよう本市として取り組むこと。
2026,2026-07-11,7,すべての市民の健康増進と福祉向上,11,介護者カフェを増やしていくために、運営団体に対する支援の充実を図り、市内各地に介護者が気軽に集える環境を整備すること。
2026,2026-07-12,7,すべての市民の健康増進と福祉向上,12,物価高騰対策として重度要介護高齢者紙おむつ等支給事業における支給利用券の上限を暫定的に引き上げること。
2026,2026-07-13,7,すべての市民の健康増進と福祉向上,13,ケアマネージャーの処遇改善と法定研修の受講料に対する補助を行うこと。
2026,2026-08-01,8,持続可能な働き方と経済成長の実現,1,市内企業での女性の正規職員の求人を増やすよう市からも働きかけを行い、定住促進策として女性の就労の場を市内に確保すること。
2026,2026-08-02,8,持続可能な働き方と経済成長の実現,2,会計年度任用職員が安心して働き、能力を発揮できる人事制度とするため、意識調査と意見収集を行い、制度の改善につなげること。また、会計年度任用職員はその多くが女性であり、市内在住の方が過半数を占めることから給与体系の大幅見直しをすること。
2026,2026-08-03,8,持続可能な働き方と経済成長の実現,3,精神障害者の雇用時間が週に１０時間となったため、障害者等のための超短時間雇用を周知し、市内民間企業においてモデル的に事業を実施するための支援を行うこと。
2026,2026-08-04,8,持続可能な働き方と経済成長の実現,4,職員採用における社会人経験者枠の大幅な拡大と、その周知徹底を本市の非正規職員にも行うこと。
2026,2026-08-05,8,持続可能な働き方と経済成長の実現,5,公共工事設計労務単価の上昇分が、働く者へ分配されていることを確認することを含め、公契約条例を制定すること。
2026,2026-08-06,8,持続可能な働き方と経済成長の実現,6,公共施設で販売する民間事業者の決済に関しては、すべてさいコインが使用できるようにすること。
2026,2026-08-07,8,持続可能な働き方と経済成長の実現,7,県や関係機関と連携して、担い手のいない農地と空き家(農家住宅)を探している新規就農者とのマッチングを積極的に後押しする第三者経営継承の仕組みを構築すること。
2026,2026-08-08,8,持続可能な働き方と経済成長の実現,8,武蔵一宮氷川神社を核とした外国人観光客の誘致を積極的に行い、市内の周遊へとつなげること。 また、観光資源として、地域資源の魅力向上を図るためハード面の整備を積極的に行うこと。
2026,2026-08-09,8,持続可能な働き方と経済成長の実現,9,体験型観光メニューを整備し、国内外の民間事業者へ情報提供すること。
2026,2026-09-01,9,『人生１００年時代』の学びとコミュニティーの充実,1,学びを通じて、人づくり、つながりづくり、地域づくりを実現する社会教育事業の拠点として十分に機能させるため公民館事業費を増額すること。また、公民館の社会教育の充実のため、社会教育主事任用資格や社会教育士などの専門資格を持つ職員の割合を早急に３５％以上とすること。
2026,2026-09-02,9,『人生１００年時代』の学びとコミュニティーの充実,2,公民館全館へのＷｉ－Ｆｉ設置はｅ公民館を進めるためにも必須事項であり早急に進めること。
2026,2026-09-03,9,『人生１００年時代』の学びとコミュニティーの充実,3,市内を東西南北の４地域程度に分け、誰でも参加でき、孤立する傾向にある人々が相談・利用できる地域の居場所となる地域拠点（プラットフォーム）を公民館等に整備すること。
2026,2026-09-04,9,『人生１００年時代』の学びとコミュニティーの充実,4,エレベーター設置可能な公民館の改修を早期に実現させ、改修工事の計画を市民に広く周知すること。また、公民館の体育館へエアコンを設置すること。
2026,2026-09-05,9,『人生１００年時代』の学びとコミュニティーの充実,5,特別支援学校高等部卒業後の支援教育専門学校や支援大学校への進学支援、訪問カレッジの周知や運営支援を行い重度障害者のための生涯学習の場を整備すること。
2026,2026-09-06,9,『人生１００年時代』の学びとコミュニティーの充実,6,資材価格等の高騰を反映し、自治会館の建設、増改築修繕に対する補助金の基準額を改定すること。
2026,2026-10-01,10,脱炭素・循環型社会とみどり豊かな都市の創造,1,優良農地保全のための新たな規制の導入と保障を行うことで、農地転用を抑制すること。農地改良等を行った際の継続期間の具体的な設定と本来の目的と異なる状態となったときの罰則等の導入すること。
2026,2026-10-02,10,脱炭素・循環型社会とみどり豊かな都市の創造,2,環境保全型農業で市内で生産された農作物を保育園、学校、病院などの施設給食で購入し、生産者と消費者が協力して地域の農業を支える地域支援型農業の仕組みを作ること。
2026,2026-10-03,10,脱炭素・循環型社会とみどり豊かな都市の創造,3,市街化調整区域における都市計画法、農地法違反の案件について、期限を区切って厳正に対処し、違反件数の減少に努めること。また、不動産業界や建設業界などへ積極的に働きかけ、違反している事業者との取引を行わないよう働きかけること。
2026,2026-10-04,10,脱炭素・循環型社会とみどり豊かな都市の創造,4,無電柱化推進計画の整備方針に、基本方針３の「優れた都市景観の形成や観光振興の向上」が抜けており、早期に整備方針に反映させた改定を行うこと。また、「優れた都市景観の形成」については、街路樹などの植栽を明記し、無電柱化工事による街路樹・植栽の復元を行い、緑の減少を食い止め、景観形成や気候変動対策にも寄与する計画を地域住民と共に考え、管理の適正化を図ること。
2026,2026-10-05,10,脱炭素・循環型社会とみどり豊かな都市の創造,5,さいたま市発注の公共工事等において地域性種苗を活用するため、農福連携を図るなど、その担い手を育成すること。
2026,2026-10-06,10,脱炭素・循環型社会とみどり豊かな都市の創造,6,騒音に対する調査方法は住民の生活に図った方法で実施し、参考値として把握すること。
2026,2026-11-01,11,命と暮らしを守る防災力と地域安全の向上,1,要配慮者優先避難所の運営に向けて、当事者の参加する訓練を全区で開催すること。
2026,2026-11-02,11,命と暮らしを守る防災力と地域安全の向上,2,聴覚障害者が避難する要配慮者優先避難所を、市内を東西南北の４地域程度に分け設置するため、次年度に１拠点指定し、周知すること。また、手話通訳者を配置するために関係団体と協定を締結すること。
2026,2026-11-03,11,命と暮らしを守る防災力と地域安全の向上,3,避難所運営訓練に中高生の積極的な参加を促し、地域の防災力強化を図ること。また、ジェンダー視点をいれた防災教育を積極的に推進すること。
2026,2026-11-04,11,命と暮らしを守る防災力と地域安全の向上,4,消費生活相談業務に対しては国の動向に関わらず体制の維持に努めつつ、十分な職員配置と予算を確保し、市内の消費者団体と連携を図って、市民の消費者被害防止に積極的に取り組むこと。また、消費者被害をなくすために、全中学生、高校生を対象に定期的な注意喚起と消費者教育に積極的に取り組むこと。
2026,2026-12-01,12,地域を支える交通体系の構築と都市基盤整備,1,超高齢化社会にむけて高齢者等の移動支援事業の予算額を大幅に引き上げること。
2026,2026-12-02,12,地域を支える交通体系の構築と都市基盤整備,2,市街化調整区域における資材置き場等の設置に関して許可制度を含む規制条例の導入と法令順守を徹底させるための市役所内の体制強化を図ること。また、雑木林等の緑地の喪失を回避するため山林等のヤード化を抑制すること。
2026,2026-12-03,12,地域を支える交通体系の構築と都市基盤整備,3,地下鉄７号線のＢ/Ｃをさらに向上させるため、中間駅周辺地区に交流人口・乗降客数を確保するための緑を活かした拠点施設を整備することを有識者会議の中でも議題とすること。
2026,2026-12-04,12,地域を支える交通体系の構築と都市基盤整備,4,窓口が無人になる駅について、交通権の保障のためにもモニター付きインターホンに変更できるよう市とＪＲで協議すること。
2026,2026-12-05,12,地域を支える交通体系の構築と都市基盤整備,5,年度当初における埼玉県と同時期の早期発注とし、施工時期の平準化をさらに推進し、入札不調を減らすこと。また、大型工事の分割・工区割りによる地元企業の受注機会の拡大と育成を図ること。
2026,2026-12-06,12,地域を支える交通体系の構築と都市基盤整備,6,田島産業集積拠点の整備にあたっては、西浦和駅へのアクセス道路や通学路、公園や下水道等の生活環境の整備、緑地の保全、災害対策、駅西側広場の整備といった、まちづくりの視点を踏まえること。
2026,2026-12-07,12,地域を支える交通体系の構築と都市基盤整備,7,さいたま市食肉中央卸売市場・と畜場の移転と「道の駅」との一体的な整備については、周辺の自然環境や住環境等へ十分配慮し、近隣住民に対して丁寧に説明をしながら進めること。
2026,2026-12-08,12,地域を支える交通体系の構築と都市基盤整備,8,不法投棄や違反するヤードへの持ち込みをさせないためにも、発生材処分費を適切に見積もること。また、再生砕石が過剰にストックされ、受け入れ価格が高騰していることから、公共工事において再生砕石を積極的に活用すること。
2026,2026-13-01,13,多様な価値観と人権尊重・ジェンダー平等の推進,1,投票率向上のため共通投票所の設置など、アクセシビリティを改善すること。また、子ども、若者が主権者として学ぶ機会を設けること。
2026,2026-13-02,13,多様な価値観と人権尊重・ジェンダー平等の推進,2,ジェンダー主流化を推進し、市のあらゆる施策をジェンダーの視点から点検すること。また、職員によるジェンダーバイアスやジェンダーギャップ解消の取り組みに着手し、行政運営を改善すること。
2026,2026-13-03,13,多様な価値観と人権尊重・ジェンダー平等の推進,3,男女共同参画の視点から考える表現ガイドラインをＨＰ上で公開すること。
2026,2026-13-04,13,多様な価値観と人権尊重・ジェンダー平等の推進,4,本市の女性職員を一部の部局に集中させずバランスよく配置し、キャリア形成を可能とすること。また、管理職における、政策局（都市戦略や総務局）などの女性管理職をパリテにすること。
2026,2026-13-05,13,多様な価値観と人権尊重・ジェンダー平等の推進,5,「難民を支える自治体ネットワーク」参加自治体との交流を深め、同ネットワーク参加も含めて、さいたま市としての難民支援を強化すること。
2026,2026-14-01,14,誰もが健康で心豊かにスポーツ・文化にふれあえるまち,1,障害者のスポーツ実施率をもとに、障害の有無や年齢に関係なく楽しめるユニバーサルスポーツを推進し、日頃からスポーツができる機会を増やすこと。
2026,2026-14-02,14,誰もが健康で心豊かにスポーツ・文化にふれあえるまち,2,さいたまマラソンに広く市民が参加できるように制限時間の拡大やハーフマラソンを開催していくこと。
2026,2026-14-03,14,誰もが健康で心豊かにスポーツ・文化にふれあえるまち,3,スポーツシューレ推進施設の設計にあたっては、地元に愛される施設となるように工夫すること。また、宿泊棟が設けられないことから、民間力を活用した新たな宿泊可能となる施設の検討を進めること。
2026,2026-14-04,14,誰もが健康で心豊かにスポーツ・文化にふれあえるまち,4,新たなレジャープール整備にあたっては、夏季以外でも大人から子どもまで家族連れでも楽しめる複合的な施設とすること。（例えば夏季以外はスケートボードなどのアーバンスポーツ場やナイトシアター、宿泊所、ビアガーデン、カフェ、レストラン、バーベキュー場）。
2026,2026-14-05,14,誰もが健康で心豊かにスポーツ・文化にふれあえるまち,5,文化都市創造に向けた拠点整備をすること。
2026,2026-14-06,14,誰もが健康で心豊かにスポーツ・文化にふれあえるまち,6,学校体育施設開放運営委員会の団体名や報告書を見える化し、地域に開かれたスポーツを行うこと。
2026,2026-15-01,15,市民協働・公民学連携による地域課題の解決,1,絶滅を回避するために、在来ほたるの自生地を確保し、市民協働で保全すること。
2026,2026-15-02,15,市民協働・公民学連携による地域課題の解決,2,市長部局での社会教育士の取得を促し、ファシリテーターができる人材を外部委託ではなく、創出し確保すること。
2026,2026-15-03,15,市民協働・公民学連携による地域課題の解決,3,市・県、市内の薬学部を持つ大学、企業、薬剤師会と連携し、モバイルファーマシーの導入に向け、連携すること。
2026,2026-15-04,15,市民協働・公民学連携による地域課題の解決,4,株式会社つなぐの具体的な地域支援事業を早急に示すこと。岩槻ＷＡＴＳＵ商店会を参考に、市民がイベントを開催できるよう備品の低価格での貸し出し等を行うこと。
